date	time	txf_px	txf_mid_px	txf_or_mid	cboe_fwd	tw_fwd	k0	type
20251219	084515	27906.0000	27899.0000	27899.0000	27867.4033	27899.0000	27800.0000	4
20251219	084530	27913.0000	27911.5000	27913.0000	27894.9851	27913.0000	27900.0000	1
20251219	084545	0.0000	27903.0000	27903.0000	27902.5074	27903.0000	27900.0000	2
20251219	084600	27900.0000	27903.5000	27900.0000	27902.5074	27900.0000	27900.0000	1
20251219	084615	27880.0000	27890.5000	27890.5000	27892.4777	27890.5000	27800.0000	4
20251219	084630	27882.0000	27881.5000	27882.0000	27900.0000	27882.0000	27800.0000	1
20251219	084645	27869.0000	27874.5000	27874.5000	27884.9554	27874.5000	27800.0000	4
20251219	084700	0.0000	27882.5000	27882.5000	27884.9554	27882.5000	27800.0000	2
20251219	084715	27877.0000	27881.0000	27877.0000	27854.8661	27877.0000	27800.0000	1
20251219	084730	27878.0000	27883.0000	27883.0000	27854.8661	27883.0000	27800.0000	4
20251219	084745	0.0000	27879.0000	27879.0000	27854.8661	27879.0000	27800.0000	2
20251219	084800	0.0000	27874.0000	27874.0000	27854.8661	27874.0000	27800.0000	2
20251219	084815	27870.0000	27878.0000	27878.0000	27854.8661	27878.0000	27800.0000	4
20251219	084830	0.0000	27874.0000	27874.0000	27854.8661	27874.0000	27800.0000	2
20251219	084845	0.0000	27881.0000	27881.0000	27847.3437	27881.0000	27800.0000	2
20251219	084900	0.0000	27882.5000	27882.5000	27879.9405	27882.5000	27800.0000	2
20251219	084915	0.0000	27880.0000	27880.0000	27879.9405	27880.0000	27800.0000	2
20251219	084930	0.0000	27879.5000	27879.5000	27879.9405	27879.5000	27800.0000	2
20251219	084945	0.0000	27883.0000	27883.0000	27879.9405	27883.0000	27800.0000	2
20251219	085000	0.0000	27884.0000	27884.0000	27887.4628	27884.0000	27800.0000	2
20251219	085015	27880.0000	27877.0000	27880.0000	27874.9256	27880.0000	27800.0000	1
20251219	085030	0.0000	27872.0000	27872.0000	27874.9256	27872.0000	27800.0000	2
20251219	085045	0.0000	27877.5000	27877.5000	27874.9256	27877.5000	27800.0000	2
20251219	085100	0.0000	27884.0000	27884.0000	27884.9554	27884.0000	27800.0000	2
20251219	085115	27882.0000	27885.0000	27882.0000	27884.9554	27882.0000	27800.0000	1
20251219	085130	0.0000	27886.0000	27886.0000	27884.9554	27886.0000	27800.0000	2
20251219	085145	0.0000	27893.0000	27893.0000	27917.5521	27893.0000	27800.0000	2
20251219	085200	0.0000	27892.5000	27892.5000	27889.9702	27892.5000	27800.0000	2
20251219	085215	0.0000	27889.5000	27889.5000	27889.9702	27889.5000	27800.0000	2
20251219	085230	0.0000	27890.0000	27890.0000	27889.9702	27890.0000	27800.0000	2
20251219	085245	0.0000	27894.0000	27894.0000	27917.5521	27894.0000	27800.0000	2
20251219	085300	0.0000	27892.0000	27892.0000	27889.9702	27892.0000	27800.0000	2
20251219	085315	0.0000	27896.5000	27896.5000	27877.4330	27896.5000	27800.0000	2
20251219	085330	0.0000	27897.5000	27897.5000	27900.0000	27897.5000	27800.0000	2
20251219	085345	0.0000	27896.0000	27896.0000	27894.9851	27896.0000	27800.0000	2
20251219	085400	27896.0000	27899.5000	27896.0000	27900.0000	27896.0000	27800.0000	1
20251219	085415	0.0000	27898.0000	27898.0000	27900.0000	27898.0000	27800.0000	2
20251219	085430	0.0000	27900.5000	27900.5000	27900.0000	27900.5000	27900.0000	2
20251219	085445	0.0000	27906.0000	27906.0000	27905.0149	27906.0000	27900.0000	2
20251219	085500	0.0000	27904.5000	27904.5000	27905.0149	27904.5000	27900.0000	2
20251219	085515	0.0000	27905.0000	27905.0000	27907.5223	27905.0000	27900.0000	2
20251219	085530	0.0000	27901.0000	27901.0000	27902.5074	27901.0000	27900.0000	2
20251219	085545	0.0000	27902.0000	27902.0000	27902.5074	27902.0000	27900.0000	2
20251219	085600	0.0000	27895.0000	27895.0000	27902.5074	27895.0000	27800.0000	2
20251219	085615	0.0000	27887.5000	27887.5000	27889.9702	27887.5000	27800.0000	2
20251219	085630	0.0000	27887.5000	27887.5000	27889.9702	27887.5000	27800.0000	2
20251219	085645	27889.0000	27886.0000	27886.0000	27889.9702	27886.0000	27800.0000	4
20251219	085700	0.0000	27885.5000	27885.5000	27889.9702	27885.5000	27800.0000	2
20251219	085715	27888.0000	27887.0000	27888.0000	27882.4479	27888.0000	27800.0000	1
20251219	085730	0.0000	27888.5000	27888.5000	27892.4777	27888.5000	27800.0000	2
20251219	085745	0.0000	27887.5000	27887.5000	27889.9702	27887.5000	27800.0000	2
20251219	085800	0.0000	27889.0000	27889.0000	27892.4777	27889.0000	27800.0000	2
20251219	085815	0.0000	27896.5000	27896.5000	27897.4926	27896.5000	27800.0000	2
20251219	085830	0.0000	27890.5000	27890.5000	27892.4777	27890.5000	27800.0000	2
20251219	085845	27888.0000	27891.5000	27891.5000	27892.4777	27891.5000	27800.0000	4
20251219	085900	0.0000	27898.5000	27898.5000	27902.5074	27898.5000	27800.0000	2
20251219	085915	0.0000	27895.0000	27895.0000	27902.5074	27895.0000	27800.0000	2
20251219	085930	27897.0000	27895.0000	27897.0000	27900.0000	27897.0000	27800.0000	1
20251219	085945	0.0000	27892.0000	27892.0000	27892.4777	27892.0000	27800.0000	2
20251219	090000	27895.0000	27904.5000	27904.5000	27902.5074	27904.5000	27900.0000	4
20251219	090015	0.0000	27907.0000	27907.0000	27900.0000	27907.0000	27900.0000	2
20251219	090030	0.0000	27916.0000	27916.0000	27915.0446	27916.0000	27900.0000	2
20251219	090045	0.0000	27910.5000	27910.5000	27912.5372	27910.5000	27900.0000	2
20251219	090100	27910.0000	27906.0000	27906.0000	27912.5372	27906.0000	27900.0000	4
20251219	090115	0.0000	27896.0000	27896.0000	27900.0000	27896.0000	27800.0000	2
20251219	090130	0.0000	27886.0000	27886.0000	27889.9702	27886.0000	27800.0000	2
20251219	090145	0.0000	27884.0000	27884.0000	27892.4777	27884.0000	27800.0000	2
20251219	090200	0.0000	27886.0000	27886.0000	27889.9702	27886.0000	27800.0000	2
20251219	090215	0.0000	27891.0000	27891.0000	27892.4777	27891.0000	27800.0000	2
20251219	090230	0.0000	27890.0000	27890.0000	27892.4777	27890.0000	27800.0000	2
20251219	090245	0.0000	27891.0000	27891.0000	27892.4777	27891.0000	27800.0000	2
20251219	090300	27892.0000	27890.5000	27892.0000	27894.9851	27892.0000	27800.0000	1
20251219	090315	0.0000	27890.5000	27890.5000	27897.4926	27890.5000	27800.0000	2
20251219	090330	0.0000	27898.0000	27898.0000	27900.0000	27898.0000	27800.0000	2
20251219	090345	0.0000	27892.5000	27892.5000	27897.4926	27892.5000	27800.0000	2
20251219	090400	0.0000	27900.5000	27900.5000	27900.0000	27900.5000	27900.0000	2
20251219	090415	0.0000	27900.5000	27900.5000	27900.0000	27900.5000	27900.0000	2
20251219	090430	0.0000	27901.0000	27901.0000	27905.0149	27901.0000	27900.0000	2
20251219	090445	0.0000	27905.5000	27905.5000	27907.5223	27905.5000	27900.0000	2
20251219	090500	27894.0000	27890.0000	27890.0000	27897.4926	27890.0000	27800.0000	4
20251219	090515	0.0000	27892.5000	27892.5000	27894.9851	27892.5000	27800.0000	2
20251219	090530	0.0000	27889.0000	27889.0000	27892.4777	27889.0000	27800.0000	2
20251219	090545	0.0000	27887.0000	27887.0000	27892.4777	27887.0000	27800.0000	2
20251219	090600	0.0000	27879.0000	27879.0000	27882.4479	27879.0000	27800.0000	2
20251219	090615	0.0000	27882.0000	27882.0000	27882.4479	27882.0000	27800.0000	2
20251219	090630	0.0000	27891.0000	27891.0000	27889.9702	27891.0000	27800.0000	2
20251219	090645	0.0000	27892.0000	27892.0000	27892.4777	27892.0000	27800.0000	2
20251219	090700	0.0000	27895.5000	27895.5000	27897.4926	27895.5000	27800.0000	2
20251219	090715	27910.0000	27909.0000	27910.0000	27900.0000	27910.0000	27900.0000	1
20251219	090730	27911.0000	27915.0000	27915.0000	27912.5372	27915.0000	27900.0000	4
20251219	090745	27913.0000	27913.0000	27913.0000	27915.0446	27913.0000	27900.0000	1
20251219	090800	0.0000	27912.0000	27912.0000	27912.5372	27912.0000	27900.0000	2
20251219	090815	27919.0000	27925.0000	27925.0000	27917.5521	27925.0000	27900.0000	4
20251219	090830	27930.0000	27926.5000	27930.0000	27932.5967	27930.0000	27900.0000	1
20251219	090845	27932.0000	27933.5000	27932.0000	27932.5967	27932.0000	27900.0000	1
20251219	090900	27932.0000	27933.5000	27932.0000	27932.5967	27932.0000	27900.0000	1
20251219	090915	0.0000	27933.0000	27933.0000	27932.5967	27933.0000	27900.0000	2
20251219	090930	0.0000	27930.5000	27930.5000	27932.5967	27930.5000	27900.0000	2
20251219	090945	0.0000	27932.0000	27932.0000	27932.5967	27932.0000	27900.0000	2
20251219	091000	27935.0000	27936.0000	27935.0000	27940.1190	27935.0000	27900.0000	1
20251219	091015	0.0000	27941.5000	27941.5000	27942.6265	27941.5000	27900.0000	2
20251219	091030	27949.0000	27951.5000	27949.0000	27950.1488	27949.0000	27900.0000	1
20251219	091045	27952.0000	27947.0000	27947.0000	27950.1488	27947.0000	27900.0000	4
20251219	091100	0.0000	27950.5000	27950.5000	27950.1488	27950.5000	27900.0000	2
20251219	091115	0.0000	27952.0000	27952.0000	27950.1488	27952.0000	27900.0000	2
20251219	091130	27957.0000	27954.0000	27957.0000	27952.3587	27957.0000	27900.0000	1
20251219	091145	0.0000	27955.0000	27955.0000	27952.3587	27955.0000	27900.0000	2
20251219	091200	0.0000	27958.5000	27958.5000	27952.3587	27958.5000	27900.0000	2
20251219	091215	27963.0000	27962.0000	27963.0000	27957.3735	27963.0000	27900.0000	1
20251219	091230	0.0000	27958.0000	27958.0000	27954.8661	27958.0000	27900.0000	2
20251219	091245	27953.0000	27952.5000	27953.0000	27949.8512	27953.0000	27900.0000	1
20251219	091300	27953.0000	27948.5000	27948.5000	27949.8512	27948.5000	27900.0000	4
20251219	091315	27953.0000	27950.5000	27953.0000	27949.8512	27953.0000	27900.0000	1
20251219	091330	0.0000	27948.5000	27948.5000	27949.8512	27948.5000	27900.0000	2
20251219	091345	0.0000	27944.5000	27944.5000	27947.6413	27944.5000	27900.0000	2
20251219	091400	0.0000	27951.0000	27951.0000	27947.6413	27951.0000	27900.0000	2
20251219	091415	27947.0000	27948.0000	27947.0000	27949.8512	27947.0000	27900.0000	1
20251219	091430	0.0000	27943.5000	27943.5000	27947.6413	27943.5000	27900.0000	2
20251219	091445	0.0000	27945.5000	27945.5000	27947.6413	27945.5000	27900.0000	2
20251219	091500	27947.0000	27950.0000	27947.0000	27947.6413	27947.0000	27900.0000	1
20251219	091515	0.0000	27957.0000	27957.0000	27957.3735	27957.0000	27900.0000	2
20251219	091530	27960.0000	27957.0000	27960.0000	27957.3735	27960.0000	27900.0000	1
20251219	091545	27963.0000	27965.5000	27963.0000	27959.8810	27963.0000	27900.0000	1
20251219	091600	0.0000	27959.5000	27959.5000	27957.3735	27959.5000	27900.0000	2
20251219	091615	27957.0000	27960.0000	27957.0000	27957.3735	27957.0000	27900.0000	1
20251219	091630	27962.0000	27963.5000	27962.0000	27959.8810	27962.0000	27900.0000	1
20251219	091645	0.0000	27963.5000	27963.5000	27962.3884	27963.5000	27900.0000	2
20251219	091700	27963.0000	27964.5000	27963.0000	27964.8959	27963.0000	27900.0000	1
20251219	091715	0.0000	27964.0000	27964.0000	27959.8810	27964.0000	27900.0000	2
20251219	091730	0.0000	27962.0000	27962.0000	27959.8810	27962.0000	27900.0000	2
20251219	091745	0.0000	27960.0000	27960.0000	27959.8810	27960.0000	27900.0000	2
20251219	091800	0.0000	27957.0000	27957.0000	27954.8661	27957.0000	27900.0000	2
20251219	091815	0.0000	27961.0000	27961.0000	27957.3735	27961.0000	27900.0000	2
20251219	091830	27964.0000	27967.0000	27967.0000	27967.4033	27967.0000	27900.0000	4
20251219	091845	27969.0000	27967.0000	27969.0000	27967.4033	27969.0000	27900.0000	1
20251219	091900	0.0000	27964.5000	27964.5000	27967.4033	27964.5000	27900.0000	2
20251219	091915	0.0000	27967.0000	27967.0000	27967.4033	27967.0000	27900.0000	2
20251219	091930	0.0000	27959.5000	27959.5000	27964.8959	27959.5000	27900.0000	2
20251219	091945	0.0000	27960.5000	27960.5000	27964.8959	27960.5000	27900.0000	2
20251219	092000	0.0000	27965.5000	27965.5000	27964.8959	27965.5000	27900.0000	2
20251219	092015	27969.0000	27967.5000	27969.0000	27969.9107	27969.0000	27900.0000	1
20251219	092030	0.0000	27967.0000	27967.0000	27969.9107	27967.0000	27900.0000	2
20251219	092045	0.0000	27963.5000	27963.5000	27964.8959	27963.5000	27900.0000	2
20251219	092100	27962.0000	27961.5000	27962.0000	27962.3884	27962.0000	27900.0000	1
20251219	092115	27962.0000	27960.5000	27962.0000	27962.3884	27962.0000	27900.0000	1
20251219	092130	0.0000	27959.0000	27959.0000	27962.3884	27959.0000	27900.0000	2
20251219	092145	0.0000	27958.5000	27958.5000	27962.3884	27958.5000	27900.0000	2
20251219	092200	0.0000	27960.0000	27960.0000	27962.3884	27960.0000	27900.0000	2
20251219	092215	0.0000	27958.5000	27958.5000	27962.3884	27958.5000	27900.0000	2
20251219	092230	0.0000	27952.0000	27952.0000	27957.3735	27952.0000	27900.0000	2
20251219	092245	0.0000	27949.0000	27949.0000	27952.3587	27949.0000	27900.0000	2
20251219	092300	0.0000	27946.5000	27946.5000	27949.8512	27946.5000	27900.0000	2
20251219	092315	0.0000	27953.0000	27953.0000	27954.8661	27953.0000	27900.0000	2
20251219	092330	0.0000	27953.0000	27953.0000	27954.8661	27953.0000	27900.0000	2
20251219	092345	0.0000	27955.5000	27955.5000	27957.3736	27955.5000	27900.0000	2
20251219	092400	0.0000	27958.5000	27958.5000	27962.3884	27958.5000	27900.0000	2
20251219	092415	27962.0000	27958.5000	27958.5000	27957.3736	27958.5000	27900.0000	4
20251219	092430	0.0000	27955.5000	27955.5000	27957.3736	27955.5000	27900.0000	2
20251219	092445	0.0000	27954.5000	27954.5000	27954.8661	27954.5000	27900.0000	2
20251219	092500	0.0000	27956.5000	27956.5000	27957.3736	27956.5000	27900.0000	2
20251219	092515	0.0000	27957.0000	27957.0000	27959.8810	27957.0000	27900.0000	2
20251219	092530	27960.0000	27959.5000	27960.0000	27959.8810	27960.0000	27900.0000	1
20251219	092545	0.0000	27960.5000	27960.5000	27959.8810	27960.5000	27900.0000	2
20251219	092600	27965.0000	27962.5000	27962.5000	27962.3884	27962.5000	27900.0000	4
20251219	092615	27973.0000	27969.0000	27969.0000	27969.9107	27969.0000	27900.0000	4
20251219	092630	0.0000	27965.0000	27965.0000	27967.4033	27965.0000	27900.0000	2
20251219	092645	0.0000	27966.0000	27966.0000	27964.8959	27966.0000	27900.0000	2
20251219	092700	0.0000	27961.0000	27961.0000	27962.3884	27961.0000	27900.0000	2
20251219	092715	27970.0000	27961.5000	27961.5000	27959.8810	27961.5000	27900.0000	4
20251219	092730	0.0000	27959.5000	27959.5000	27959.8810	27959.5000	27900.0000	2
20251219	092745	0.0000	27957.0000	27957.0000	27959.8810	27957.0000	27900.0000	2
20251219	092800	27960.0000	27958.5000	27960.0000	27959.8810	27960.0000	27900.0000	1
20251219	092815	0.0000	27959.0000	27959.0000	27959.8810	27959.0000	27900.0000	2
20251219	092830	0.0000	27955.5000	27955.5000	27954.8661	27955.5000	27900.0000	2
20251219	092845	0.0000	27957.5000	27957.5000	27959.8810	27957.5000	27900.0000	2
20251219	092900	0.0000	27965.5000	27965.5000	27967.4033	27965.5000	27900.0000	2
20251219	092915	0.0000	27962.0000	27962.0000	27962.3884	27962.0000	27900.0000	2
20251219	092930	0.0000	27964.0000	27964.0000	27962.3884	27964.0000	27900.0000	2
20251219	092945	0.0000	27961.5000	27961.5000	27959.8810	27961.5000	27900.0000	2
20251219	093000	0.0000	27962.0000	27962.0000	27962.3884	27962.0000	27900.0000	2
20251219	093015	0.0000	27951.5000	27951.5000	27952.3587	27951.5000	27900.0000	2
20251219	093030	27945.0000	27947.0000	27945.0000	27947.6413	27945.0000	27900.0000	1
20251219	093045	27941.0000	27940.0000	27941.0000	27942.6264	27941.0000	27900.0000	1
20251219	093100	0.0000	27930.5000	27930.5000	27935.1041	27930.5000	27900.0000	2
20251219	093115	0.0000	27931.0000	27931.0000	27932.5967	27931.0000	27900.0000	2
20251219	093130	0.0000	27932.5000	27932.5000	27932.5967	27932.5000	27900.0000	2
20251219	093145	0.0000	27937.0000	27937.0000	27935.1041	27937.0000	27900.0000	2
20251219	093200	0.0000	27941.0000	27941.0000	27942.6264	27941.0000	27900.0000	2
20251219	093215	0.0000	27944.0000	27944.0000	27942.6264	27944.0000	27900.0000	2
20251219	093230	0.0000	27938.0000	27938.0000	27937.6116	27938.0000	27900.0000	2
20251219	093245	0.0000	27932.5000	27932.5000	27935.1041	27932.5000	27900.0000	2
20251219	093300	0.0000	27938.5000	27938.5000	27940.1190	27938.5000	27900.0000	2
20251219	093315	0.0000	27938.5000	27938.5000	27940.1190	27938.5000	27900.0000	2
20251219	093330	27941.0000	27940.5000	27941.0000	27947.6413	27941.0000	27900.0000	1
20251219	093345	0.0000	27944.0000	27944.0000	27947.6413	27944.0000	27900.0000	2
20251219	093400	0.0000	27938.0000	27938.0000	27937.6116	27938.0000	27900.0000	2
20251219	093415	0.0000	27931.5000	27931.5000	27932.5967	27931.5000	27900.0000	2
20251219	093430	0.0000	27928.0000	27928.0000	27927.5818	27928.0000	27900.0000	2
20251219	093445	27923.0000	27925.0000	27923.0000	27925.0744	27923.0000	27900.0000	1
20251219	093500	0.0000	27927.5000	27927.5000	27930.0892	27927.5000	27900.0000	2
20251219	093515	0.0000	27936.5000	27936.5000	27935.1041	27936.5000	27900.0000	2
20251219	093530	0.0000	27931.5000	27931.5000	27935.1041	27931.5000	27900.0000	2
20251219	093545	0.0000	27932.5000	27932.5000	27935.1041	27932.5000	27900.0000	2
20251219	093600	0.0000	27930.0000	27930.0000	27932.5967	27930.0000	27900.0000	2
20251219	093615	0.0000	27925.0000	27925.0000	27925.0744	27925.0000	27900.0000	2
20251219	093630	27919.0000	27915.5000	27915.5000	27915.0446	27915.5000	27900.0000	4
20251219	093645	27912.0000	27909.0000	27909.0000	27910.0297	27909.0000	27900.0000	4
20251219	093700	0.0000	27915.0000	27915.0000	27915.0446	27915.0000	27900.0000	2
20251219	093715	0.0000	27924.0000	27924.0000	27920.0595	27924.0000	27900.0000	2
20251219	093730	0.0000	27925.5000	27925.5000	27925.0744	27925.5000	27900.0000	2
20251219	093745	0.0000	27927.0000	27927.0000	27925.0744	27927.0000	27900.0000	2
20251219	093800	0.0000	27930.5000	27930.5000	27925.0744	27930.5000	27900.0000	2
20251219	093815	0.0000	27928.0000	27928.0000	27920.0595	27928.0000	27900.0000	2
20251219	093830	0.0000	27934.5000	27934.5000	27927.5818	27934.5000	27900.0000	2
20251219	093845	0.0000	27937.5000	27937.5000	27930.0892	27937.5000	27900.0000	2
20251219	093900	0.0000	27927.5000	27927.5000	27925.0744	27927.5000	27900.0000	2
20251219	093915	0.0000	27924.5000	27924.5000	27930.0892	27924.5000	27900.0000	2
20251219	093930	0.0000	27922.0000	27922.0000	27920.0595	27922.0000	27900.0000	2
20251219	093945	0.0000	27916.0000	27916.0000	27920.0595	27916.0000	27900.0000	2
20251219	094000	0.0000	27913.5000	27913.5000	27915.0446	27913.5000	27900.0000	2
20251219	094015	27912.0000	27914.5000	27912.0000	27912.5372	27912.0000	27900.0000	1
20251219	094030	27912.0000	27919.0000	27919.0000	27917.5521	27919.0000	27900.0000	4
20251219	094045	0.0000	27923.5000	27923.5000	27920.0595	27923.5000	27900.0000	2
20251219	094100	0.0000	27923.5000	27923.5000	27920.0595	27923.5000	27900.0000	2
20251219	094115	0.0000	27929.0000	27929.0000	27927.5818	27929.0000	27900.0000	2
20251219	094130	0.0000	27934.0000	27934.0000	27935.1041	27934.0000	27900.0000	2
20251219	094145	0.0000	27930.5000	27930.5000	27932.5967	27930.5000	27900.0000	2
20251219	094200	0.0000	27932.0000	27932.0000	27932.5967	27932.0000	27900.0000	2
20251219	094215	0.0000	27936.5000	27936.5000	27935.1041	27936.5000	27900.0000	2
20251219	094230	0.0000	27936.0000	27936.0000	27935.1041	27936.0000	27900.0000	2
20251219	094245	0.0000	27930.0000	27930.0000	27930.0892	27930.0000	27900.0000	2
20251219	094300	0.0000	27929.5000	27929.5000	27930.0892	27929.5000	27900.0000	2
20251219	094315	0.0000	27928.0000	27928.0000	27930.0892	27928.0000	27900.0000	2
20251219	094330	0.0000	27933.5000	27933.5000	27935.1041	27933.5000	27900.0000	2
20251219	094345	27935.0000	27937.5000	27935.0000	27937.6115	27935.0000	27900.0000	1
20251219	094400	27940.0000	27939.0000	27940.0000	27937.6115	27940.0000	27900.0000	1
20251219	094415	0.0000	27944.5000	27944.5000	27940.1190	27944.5000	27900.0000	2
20251219	094430	0.0000	27943.5000	27943.5000	27942.6264	27943.5000	27900.0000	2
20251219	094445	27945.0000	27949.5000	27949.5000	27947.6413	27949.5000	27900.0000	4
20251219	094500	27940.0000	27946.0000	27946.0000	27945.1339	27946.0000	27900.0000	4
20251219	094515	0.0000	27940.5000	27940.5000	27942.6264	27940.5000	27900.0000	2
20251219	094530	0.0000	27931.5000	27931.5000	27937.6115	27931.5000	27900.0000	2
20251219	094545	0.0000	27939.5000	27939.5000	27942.6264	27939.5000	27900.0000	2
20251219	094600	0.0000	27936.5000	27936.5000	27940.1190	27936.5000	27900.0000	2
20251219	094615	0.0000	27938.5000	27938.5000	27942.6264	27938.5000	27900.0000	2
20251219	094630	0.0000	27936.0000	27936.0000	27940.1190	27936.0000	27900.0000	2
20251219	094645	0.0000	27927.0000	27927.0000	27937.6115	27927.0000	27900.0000	2
20251219	094700	0.0000	27938.0000	27938.0000	27940.1190	27938.0000	27900.0000	2
20251219	094715	0.0000	27938.5000	27938.5000	27940.1190	27938.5000	27900.0000	2
20251219	094730	0.0000	27938.5000	27938.5000	27940.1190	27938.5000	27900.0000	2
20251219	094745	0.0000	27937.5000	27937.5000	27937.6115	27937.5000	27900.0000	2
20251219	094800	0.0000	27938.0000	27938.0000	27940.1190	27938.0000	27900.0000	2
20251219	094815	0.0000	27944.0000	27944.0000	27942.6264	27944.0000	27900.0000	2
20251219	094830	27950.0000	27952.5000	27950.0000	27949.8513	27950.0000	27900.0000	1
20251219	094845	0.0000	27949.0000	27949.0000	27949.8513	27949.0000	27900.0000	2
20251219	094900	0.0000	27948.0000	27948.0000	27949.8513	27948.0000	27900.0000	2
20251219	094915	27949.0000	27951.5000	27949.0000	27949.8513	27949.0000	27900.0000	1
20251219	094930	27950.0000	27951.0000	27950.0000	27949.8513	27950.0000	27900.0000	1
20251219	094945	27953.0000	27953.5000	27953.0000	27949.8513	27953.0000	27900.0000	1
20251219	095000	27957.0000	27959.0000	27957.0000	27957.3736	27957.0000	27900.0000	1
20251219	095015	27972.0000	27969.0000	27972.0000	27969.9108	27972.0000	27900.0000	1
20251219	095030	27967.0000	27968.0000	27967.0000	27969.9108	27967.0000	27900.0000	1
20251219	095045	27970.0000	27967.0000	27970.0000	27969.9108	27970.0000	27900.0000	1
20251219	095100	0.0000	27967.5000	27967.5000	27969.9108	27967.5000	27900.0000	2
20251219	095115	27970.0000	27971.0000	27970.0000	27969.9108	27970.0000	27900.0000	1
20251219	095130	0.0000	27959.5000	27959.5000	27962.3885	27959.5000	27900.0000	2
20251219	095145	27962.0000	27967.0000	27967.0000	27967.4033	27967.0000	27900.0000	4
20251219	095200	0.0000	27966.0000	27966.0000	27967.4033	27966.0000	27900.0000	2
20251219	095215	0.0000	27963.0000	27963.0000	27967.4033	27963.0000	27900.0000	2
20251219	095230	0.0000	27968.0000	27968.0000	27967.4033	27968.0000	27900.0000	2
20251219	095245	0.0000	27961.5000	27961.5000	27959.8810	27961.5000	27900.0000	2
20251219	095300	27958.0000	27956.5000	27958.0000	27959.8810	27958.0000	27900.0000	1
20251219	095315	0.0000	27961.5000	27961.5000	27959.8810	27961.5000	27900.0000	2
20251219	095330	0.0000	27953.0000	27953.0000	27954.8662	27953.0000	27900.0000	2
20251219	095345	27949.0000	27955.0000	27955.0000	27954.8662	27955.0000	27900.0000	4
20251219	095400	0.0000	27955.5000	27955.5000	27957.3736	27955.5000	27900.0000	2
20251219	095415	0.0000	27947.5000	27947.5000	27949.8513	27947.5000	27900.0000	2
20251219	095430	0.0000	27947.5000	27947.5000	27949.8513	27947.5000	27900.0000	2
20251219	095445	0.0000	27949.0000	27949.0000	27949.8513	27949.0000	27900.0000	2
20251219	095500	27946.0000	27953.0000	27953.0000	27954.8662	27953.0000	27900.0000	4
20251219	095515	27955.0000	27952.0000	27955.0000	27949.8513	27955.0000	27900.0000	1
20251219	095530	0.0000	27955.0000	27955.0000	27952.3587	27955.0000	27900.0000	2
20251219	095545	0.0000	27955.5000	27955.5000	27954.8662	27955.5000	27900.0000	2
20251219	095600	0.0000	27953.0000	27953.0000	27954.8662	27953.0000	27900.0000	2
20251219	095615	0.0000	27955.5000	27955.5000	27952.3587	27955.5000	27900.0000	2
20251219	095630	27955.0000	27951.0000	27951.0000	27952.3587	27951.0000	27900.0000	4
20251219	095645	0.0000	27948.5000	27948.5000	27954.8662	27948.5000	27900.0000	2
20251219	095700	0.0000	27954.0000	27954.0000	27954.8662	27954.0000	27900.0000	2
20251219	095715	0.0000	27957.0000	27957.0000	27959.8810	27957.0000	27900.0000	2
20251219	095730	0.0000	27960.5000	27960.5000	27957.3736	27960.5000	27900.0000	2
20251219	095745	0.0000	27964.5000	27964.5000	27962.3885	27964.5000	27900.0000	2
20251219	095800	0.0000	27962.5000	27962.5000	27962.3885	27962.5000	27900.0000	2
20251219	095815	27956.0000	27958.0000	27956.0000	27957.3736	27956.0000	27900.0000	1
20251219	095830	0.0000	27957.5000	27957.5000	27957.3736	27957.5000	27900.0000	2
20251219	095845	0.0000	27960.5000	27960.5000	27962.3885	27960.5000	27900.0000	2
20251219	095900	0.0000	27952.0000	27952.0000	27954.8662	27952.0000	27900.0000	2
20251219	095915	0.0000	27951.0000	27951.0000	27954.8662	27951.0000	27900.0000	2
20251219	095930	0.0000	27949.5000	27949.5000	27952.3587	27949.5000	27900.0000	2
20251219	095945	0.0000	27949.0000	27949.0000	27954.8662	27949.0000	27900.0000	2
20251219	100000	0.0000	27949.5000	27949.5000	27954.8662	27949.5000	27900.0000	2
20251219	100015	27955.0000	27950.0000	27950.0000	27954.8662	27950.0000	27900.0000	4
20251219	100030	0.0000	27949.0000	27949.0000	27954.8662	27949.0000	27900.0000	2
20251219	100045	0.0000	27945.0000	27945.0000	27947.6413	27945.0000	27900.0000	2
20251219	100100	0.0000	27942.5000	27942.5000	27945.1338	27942.5000	27900.0000	2
20251219	100115	27948.0000	27946.0000	27948.0000	27947.6413	27948.0000	27900.0000	1
20251219	100130	0.0000	27956.0000	27956.0000	27949.8513	27956.0000	27900.0000	2
20251219	100145	27957.0000	27962.5000	27962.5000	27964.8959	27962.5000	27900.0000	4
20251219	100200	0.0000	27964.0000	27964.0000	27964.8959	27964.0000	27900.0000	2
20251219	100215	27970.0000	27970.0000	27970.0000	27972.4182	27970.0000	27900.0000	1
20251219	100230	27965.0000	27964.5000	27965.0000	27962.3885	27965.0000	27900.0000	1
20251219	100245	0.0000	27969.0000	27969.0000	27967.4033	27969.0000	27900.0000	2
20251219	100300	0.0000	27966.5000	27966.5000	27969.9108	27966.5000	27900.0000	2
20251219	100315	0.0000	27956.0000	27956.0000	27957.3736	27956.0000	27900.0000	2
20251219	100330	0.0000	27951.0000	27951.0000	27954.8662	27951.0000	27900.0000	2
20251219	100345	0.0000	27943.5000	27943.5000	27947.6413	27943.5000	27900.0000	2
20251219	100400	27940.0000	27936.5000	27940.0000	27942.6264	27940.0000	27900.0000	1
20251219	100415	0.0000	27941.0000	27941.0000	27940.1190	27941.0000	27900.0000	2
20251219	100430	0.0000	27943.5000	27943.5000	27942.6264	27943.5000	27900.0000	2
20251219	100445	0.0000	27940.5000	27940.5000	27945.1338	27940.5000	27900.0000	2
20251219	100500	0.0000	27945.0000	27945.0000	27945.1338	27945.0000	27900.0000	2
20251219	100515	0.0000	27943.0000	27943.0000	27945.1338	27943.0000	27900.0000	2
20251219	100530	0.0000	27940.0000	27940.0000	27945.1338	27940.0000	27900.0000	2
20251219	100545	0.0000	27943.0000	27943.0000	27947.6413	27943.0000	27900.0000	2
20251219	100600	0.0000	27939.0000	27939.0000	27942.6264	27939.0000	27900.0000	2
20251219	100615	0.0000	27944.5000	27944.5000	27947.6413	27944.5000	27900.0000	2
20251219	100630	0.0000	27943.0000	27943.0000	27945.1338	27943.0000	27900.0000	2
20251219	100645	27940.0000	27942.5000	27940.0000	27945.1338	27940.0000	27900.0000	1
20251219	100700	0.0000	27947.5000	27947.5000	27947.6413	27947.5000	27900.0000	2
20251219	100715	0.0000	27948.0000	27948.0000	27952.3587	27948.0000	27900.0000	2
20251219	100730	0.0000	27950.0000	27950.0000	27952.3587	27950.0000	27900.0000	2
20251219	100745	0.0000	27958.0000	27958.0000	27957.3736	27958.0000	27900.0000	2
20251219	100800	0.0000	27961.0000	27961.0000	27959.8810	27961.0000	27900.0000	2
20251219	100815	0.0000	27961.0000	27961.0000	27959.8810	27961.0000	27900.0000	2
20251219	100830	0.0000	27958.5000	27958.5000	27959.8810	27958.5000	27900.0000	2
20251219	100845	0.0000	27958.5000	27958.5000	27959.8810	27958.5000	27900.0000	2
20251219	100900	0.0000	27961.0000	27961.0000	27959.8810	27961.0000	27900.0000	2
20251219	100915	0.0000	27961.0000	27961.0000	27959.8810	27961.0000	27900.0000	2
20251219	100930	0.0000	27962.0000	27962.0000	27959.8810	27962.0000	27900.0000	2
20251219	100945	0.0000	27958.5000	27958.5000	27957.3736	27958.5000	27900.0000	2
20251219	101000	0.0000	27958.5000	27958.5000	27952.3587	27958.5000	27900.0000	2
20251219	101015	0.0000	27962.5000	27962.5000	27959.8810	27962.5000	27900.0000	2
20251219	101030	27965.0000	27966.0000	27965.0000	27962.3885	27965.0000	27900.0000	1
20251219	101045	0.0000	27968.5000	27968.5000	27964.8959	27968.5000	27900.0000	2
20251219	101100	0.0000	27971.5000	27971.5000	27969.9108	27971.5000	27900.0000	2
20251219	101115	0.0000	27971.5000	27971.5000	27969.9108	27971.5000	27900.0000	2
20251219	101130	27965.0000	27967.0000	27965.0000	27967.4034	27965.0000	27900.0000	1
20251219	101145	27981.0000	27980.5000	27981.0000	27977.4331	27981.0000	27900.0000	1
20251219	101200	0.0000	27981.5000	27981.5000	27979.9405	27981.5000	27900.0000	2
20251219	101215	27989.0000	27988.5000	27989.0000	27987.4628	27989.0000	27900.0000	1
20251219	101230	0.0000	27989.5000	27989.5000	27989.9703	27989.5000	27900.0000	2
20251219	101245	27989.0000	27990.0000	27989.0000	27989.9703	27989.0000	27900.0000	1
20251219	101300	0.0000	27990.0000	27990.0000	27989.9703	27990.0000	27900.0000	2
20251219	101315	0.0000	27994.0000	27994.0000	27989.9703	27994.0000	27900.0000	2
20251219	101330	27999.0000	27999.0000	27999.0000	28000.0000	27999.0000	27900.0000	1
20251219	101345	27999.0000	27996.0000	27999.0000	27997.4926	27999.0000	27900.0000	1
20251219	101400	0.0000	27995.0000	27995.0000	27994.9851	27995.0000	27900.0000	2
20251219	101415	0.0000	27988.0000	27988.0000	27989.9703	27988.0000	27900.0000	2
20251219	101430	0.0000	27990.0000	27990.0000	27989.9703	27990.0000	27900.0000	2
20251219	101445	0.0000	27986.5000	27986.5000	27989.9703	27986.5000	27900.0000	2
20251219	101500	0.0000	27986.5000	27986.5000	27989.9703	27986.5000	27900.0000	2
20251219	101515	0.0000	27983.0000	27983.0000	27982.4480	27983.0000	27900.0000	2
20251219	101530	0.0000	27985.5000	27985.5000	27982.4480	27985.5000	27900.0000	2
20251219	101545	27982.0000	27984.0000	27982.0000	27982.4480	27982.0000	27900.0000	1
20251219	101600	0.0000	27980.5000	27980.5000	27982.4480	27980.5000	27900.0000	2
20251219	101615	27982.0000	27985.5000	27985.5000	27982.4480	27985.5000	27900.0000	4
20251219	101630	0.0000	27988.5000	27988.5000	27984.9554	27988.5000	27900.0000	2
20251219	101645	27982.0000	27981.0000	27982.0000	27982.4480	27982.0000	27900.0000	1
20251219	101700	0.0000	27979.0000	27979.0000	27982.4480	27979.0000	27900.0000	2
20251219	101715	27985.0000	27989.5000	27989.5000	27987.4628	27989.5000	27900.0000	4
20251219	101730	0.0000	27984.5000	27984.5000	27982.4480	27984.5000	27900.0000	2
20251219	101745	0.0000	27982.0000	27982.0000	27982.4480	27982.0000	27900.0000	2
20251219	101800	0.0000	27979.0000	27979.0000	27982.4480	27979.0000	27900.0000	2
20251219	101815	27971.0000	27975.5000	27975.5000	27974.9257	27975.5000	27900.0000	4
20251219	101830	0.0000	27977.5000	27977.5000	27977.4331	27977.5000	27900.0000	2
20251219	101845	0.0000	27975.0000	27975.0000	27974.9257	27975.0000	27900.0000	2
20251219	101900	27977.0000	27978.5000	27977.0000	27977.4331	27977.0000	27900.0000	1
20251219	101915	0.0000	27976.0000	27976.0000	27977.4331	27976.0000	27900.0000	2
20251219	101930	0.0000	27973.5000	27973.5000	27974.9257	27973.5000	27900.0000	2
20251219	101945	0.0000	27973.0000	27973.0000	27974.9257	27973.0000	27900.0000	2
20251219	102000	0.0000	27972.0000	27972.0000	27974.9257	27972.0000	27900.0000	2
20251219	102015	0.0000	27977.5000	27977.5000	27977.4331	27977.5000	27900.0000	2
20251219	102030	0.0000	27979.5000	27979.5000	27977.4331	27979.5000	27900.0000	2
20251219	102045	0.0000	27977.5000	27977.5000	27977.4331	27977.5000	27900.0000	2
20251219	102100	0.0000	27983.5000	27983.5000	27979.9405	27983.5000	27900.0000	2
20251219	102115	27985.0000	27986.5000	27985.0000	27984.9554	27985.0000	27900.0000	1
20251219	102130	0.0000	27982.5000	27982.5000	27982.4480	27982.5000	27900.0000	2
20251219	102145	0.0000	27980.5000	27980.5000	27979.9405	27980.5000	27900.0000	2
20251219	102200	0.0000	27981.5000	27981.5000	27979.9405	27981.5000	27900.0000	2
20251219	102215	0.0000	27982.5000	27982.5000	27979.9405	27982.5000	27900.0000	2
20251219	102230	27985.0000	27990.0000	27990.0000	27984.9554	27990.0000	27900.0000	4
20251219	102245	0.0000	27993.0000	27993.0000	27989.9703	27993.0000	27900.0000	2
20251219	102300	0.0000	27991.5000	27991.5000	27989.9703	27991.5000	27900.0000	2
20251219	102315	0.0000	27990.0000	27990.0000	27989.9703	27990.0000	27900.0000	2
20251219	102330	27988.0000	27990.5000	27988.0000	27987.4628	27988.0000	27900.0000	1
20251219	102345	0.0000	27995.5000	27995.5000	27994.9851	27995.5000	27900.0000	2
20251219	102400	27994.0000	27995.0000	27994.0000	27994.9851	27994.0000	27900.0000	1
20251219	102415	0.0000	27992.0000	27992.0000	27992.4777	27992.0000	27900.0000	2
20251219	102430	0.0000	27985.5000	27985.5000	27987.4628	27985.5000	27900.0000	2
20251219	102445	27985.0000	27987.5000	27985.0000	27987.4628	27985.0000	27900.0000	1
20251219	102500	0.0000	27988.5000	27988.5000	27989.9703	27988.5000	27900.0000	2
20251219	102515	0.0000	27991.5000	27991.5000	27992.4777	27991.5000	27900.0000	2
20251219	102530	27992.0000	27993.0000	27992.0000	27989.9703	27992.0000	27900.0000	1
20251219	102545	0.0000	27992.5000	27992.5000	27989.9703	27992.5000	27900.0000	2
20251219	102600	0.0000	27991.0000	27991.0000	27989.9703	27991.0000	27900.0000	2
20251219	102615	0.0000	27990.5000	27990.5000	27987.4628	27990.5000	27900.0000	2
20251219	102630	0.0000	27989.5000	27989.5000	27987.4628	27989.5000	27900.0000	2
20251219	102645	0.0000	27988.0000	27988.0000	27987.4628	27988.0000	27900.0000	2
20251219	102700	0.0000	27990.0000	27990.0000	27987.4628	27990.0000	27900.0000	2
20251219	102715	0.0000	27992.5000	27992.5000	27989.9703	27992.5000	27900.0000	2
20251219	102730	0.0000	27990.5000	27990.5000	27987.4628	27990.5000	27900.0000	2
20251219	102745	0.0000	27994.0000	27994.0000	27989.9703	27994.0000	27900.0000	2
20251219	102800	27992.0000	27975.0000	27975.0000	27982.4480	27975.0000	27900.0000	4
20251219	102815	0.0000	27979.5000	27979.5000	27979.9405	27979.5000	27900.0000	2
20251219	102830	0.0000	27977.0000	27977.0000	27979.9405	27977.0000	27900.0000	2
20251219	102845	0.0000	27974.5000	27974.5000	27979.9405	27974.5000	27900.0000	2
20251219	102900	0.0000	27975.0000	27975.0000	27977.4331	27975.0000	27900.0000	2
20251219	102915	0.0000	27971.5000	27971.5000	27977.4331	27971.5000	27900.0000	2
20251219	102930	0.0000	27970.5000	27970.5000	27972.4182	27970.5000	27900.0000	2
20251219	102945	0.0000	27972.0000	27972.0000	27972.4182	27972.0000	27900.0000	2
20251219	103000	0.0000	27970.5000	27970.5000	27972.4182	27970.5000	27900.0000	2
20251219	103015	0.0000	27968.0000	27968.0000	27972.4182	27968.0000	27900.0000	2
20251219	103030	0.0000	27971.5000	27971.5000	27969.9108	27971.5000	27900.0000	2
20251219	103045	0.0000	27969.0000	27969.0000	27969.9108	27969.0000	27900.0000	2
20251219	103100	0.0000	27968.5000	27968.5000	27969.9108	27968.5000	27900.0000	2
20251219	103115	0.0000	27970.0000	27970.0000	27969.9108	27970.0000	27900.0000	2
20251219	103130	0.0000	27974.5000	27974.5000	27974.9257	27974.5000	27900.0000	2
20251219	103145	0.0000	27975.0000	27975.0000	27977.4331	27975.0000	27900.0000	2
20251219	103200	0.0000	27975.0000	27975.0000	27977.4331	27975.0000	27900.0000	2
20251219	103215	0.0000	27978.0000	27978.0000	27977.4331	27978.0000	27900.0000	2
20251219	103230	0.0000	27979.5000	27979.5000	27977.4331	27979.5000	27900.0000	2
20251219	103245	27980.0000	27977.0000	27977.0000	27977.4331	27977.0000	27900.0000	4
20251219	103300	0.0000	27975.0000	27975.0000	27977.4331	27975.0000	27900.0000	2
20251219	103315	0.0000	27968.0000	27968.0000	27972.4182	27968.0000	27900.0000	2
20251219	103330	0.0000	27968.5000	27968.5000	27972.4182	27968.5000	27900.0000	2
20251219	103345	0.0000	27970.5000	27970.5000	27972.4182	27970.5000	27900.0000	2
20251219	103400	0.0000	27965.0000	27965.0000	27972.4182	27965.0000	27900.0000	2
20251219	103415	27962.0000	27960.0000	27962.0000	27957.3736	27962.0000	27900.0000	1
20251219	103430	27956.0000	27954.0000	27956.0000	27957.3736	27956.0000	27900.0000	1
20251219	103445	0.0000	27953.0000	27953.0000	27959.8811	27953.0000	27900.0000	2
20251219	103500	27944.0000	27945.0000	27944.0000	27947.6412	27944.0000	27900.0000	1
20251219	103515	27944.0000	27934.0000	27934.0000	27937.6115	27934.0000	27900.0000	4
20251219	103530	27918.0000	27923.0000	27923.0000	27922.5669	27923.0000	27900.0000	4
20251219	103545	0.0000	27923.5000	27923.5000	27925.0743	27923.5000	27900.0000	2
20251219	103600	27916.0000	27909.5000	27909.5000	27915.0446	27909.5000	27900.0000	4
20251219	103615	0.0000	27909.5000	27909.5000	27915.0446	27909.5000	27900.0000	2
20251219	103630	0.0000	27918.0000	27918.0000	27917.5520	27918.0000	27900.0000	2
20251219	103645	0.0000	27910.0000	27910.0000	27915.0446	27910.0000	27900.0000	2
20251219	103700	27914.0000	27910.5000	27914.0000	27915.0446	27914.0000	27900.0000	1
20251219	103715	0.0000	27908.5000	27908.5000	27917.5520	27908.5000	27900.0000	2
20251219	103730	27908.0000	27910.0000	27908.0000	27907.5223	27908.0000	27900.0000	1
20251219	103745	0.0000	27910.0000	27910.0000	27907.5223	27910.0000	27900.0000	2
20251219	103800	0.0000	27914.0000	27914.0000	27915.0446	27914.0000	27900.0000	2
20251219	103815	0.0000	27922.0000	27922.0000	27920.0595	27922.0000	27900.0000	2
20251219	103830	27925.0000	27927.5000	27925.0000	27925.0743	27925.0000	27900.0000	1
20251219	103845	0.0000	27933.0000	27933.0000	27932.5966	27933.0000	27900.0000	2
20251219	103900	0.0000	27936.0000	27936.0000	27932.5966	27936.0000	27900.0000	2
20251219	103915	0.0000	27941.0000	27941.0000	27937.6115	27941.0000	27900.0000	2
20251219	103930	0.0000	27943.0000	27943.0000	27937.6115	27943.0000	27900.0000	2
20251219	103945	0.0000	27942.5000	27942.5000	27940.1189	27942.5000	27900.0000	2
20251219	104000	0.0000	27940.5000	27940.5000	27940.1189	27940.5000	27900.0000	2
20251219	104015	27946.0000	27948.0000	27946.0000	27945.1338	27946.0000	27900.0000	1
20251219	104030	0.0000	27948.5000	27948.5000	27942.6263	27948.5000	27900.0000	2
20251219	104045	27935.0000	27934.5000	27935.0000	27935.1041	27935.0000	27900.0000	1
20251219	104100	0.0000	27931.5000	27931.5000	27935.1041	27931.5000	27900.0000	2
20251219	104115	0.0000	27933.0000	27933.0000	27935.1040	27933.0000	27900.0000	2
20251219	104130	0.0000	27937.0000	27937.0000	27937.6115	27937.0000	27900.0000	2
20251219	104145	0.0000	27935.0000	27935.0000	27937.6115	27935.0000	27900.0000	2
20251219	104200	0.0000	27936.5000	27936.5000	27937.6115	27936.5000	27900.0000	2
20251219	104215	0.0000	27940.5000	27940.5000	27940.1189	27940.5000	27900.0000	2
20251219	104230	27937.0000	27941.0000	27941.0000	27942.6263	27941.0000	27900.0000	4
20251219	104245	27940.0000	27942.5000	27940.0000	27940.1189	27940.0000	27900.0000	1
20251219	104300	0.0000	27944.5000	27944.5000	27942.6263	27944.5000	27900.0000	2
20251219	104315	0.0000	27937.5000	27937.5000	27940.1189	27937.5000	27900.0000	2
20251219	104330	0.0000	27936.5000	27936.5000	27937.6115	27936.5000	27900.0000	2
20251219	104345	0.0000	27935.5000	27935.5000	27937.6115	27935.5000	27900.0000	2
20251219	104400	0.0000	27934.5000	27934.5000	27937.6115	27934.5000	27900.0000	2
20251219	104415	0.0000	27936.5000	27936.5000	27937.6115	27936.5000	27900.0000	2
20251219	104430	0.0000	27935.5000	27935.5000	27937.6115	27935.5000	27900.0000	2
20251219	104445	0.0000	27938.0000	27938.0000	27937.6115	27938.0000	27900.0000	2
20251219	104500	27942.0000	27943.5000	27942.0000	27945.1338	27942.0000	27900.0000	1
20251219	104515	0.0000	27937.0000	27937.0000	27937.6115	27937.0000	27900.0000	2
20251219	104530	0.0000	27941.0000	27941.0000	27942.6263	27941.0000	27900.0000	2
20251219	104545	0.0000	27937.5000	27937.5000	27937.6115	27937.5000	27900.0000	2
20251219	104600	0.0000	27938.5000	27938.5000	27937.6115	27938.5000	27900.0000	2
20251219	104615	0.0000	27937.0000	27937.0000	27937.6115	27937.0000	27900.0000	2
20251219	104630	0.0000	27938.0000	27938.0000	27937.6115	27938.0000	27900.0000	2
20251219	104645	0.0000	27939.0000	27939.0000	27937.6115	27939.0000	27900.0000	2
20251219	104700	0.0000	27936.0000	27936.0000	27937.6115	27936.0000	27900.0000	2
20251219	104715	0.0000	27933.0000	27933.0000	27937.6115	27933.0000	27900.0000	2
20251219	104730	0.0000	27931.5000	27931.5000	27937.6115	27931.5000	27900.0000	2
20251219	104745	0.0000	27931.0000	27931.0000	27937.6115	27931.0000	27900.0000	2
20251219	104800	0.0000	27929.0000	27929.0000	27932.5966	27929.0000	27900.0000	2
20251219	104815	27931.0000	27934.0000	27931.0000	27937.6115	27931.0000	27900.0000	1
20251219	104830	0.0000	27932.0000	27932.0000	27937.6115	27932.0000	27900.0000	2
20251219	104845	0.0000	27931.0000	27931.0000	27937.6115	27931.0000	27900.0000	2
20251219	104900	0.0000	27929.0000	27929.0000	27937.6115	27929.0000	27900.0000	2
20251219	104915	0.0000	27930.0000	27930.0000	27935.1040	27930.0000	27900.0000	2
20251219	104930	0.0000	27929.5000	27929.5000	27930.0892	27929.5000	27900.0000	2
20251219	104945	27927.0000	27920.0000	27920.0000	27917.5520	27920.0000	27900.0000	4
20251219	105000	0.0000	27920.0000	27920.0000	27920.0595	27920.0000	27900.0000	2
20251219	105015	27917.0000	27916.5000	27917.0000	27917.5520	27917.0000	27900.0000	1
20251219	105030	0.0000	27923.5000	27923.5000	27922.5669	27923.5000	27900.0000	2
20251219	105045	0.0000	27922.0000	27922.0000	27925.0743	27922.0000	27900.0000	2
20251219	105100	0.0000	27926.5000	27926.5000	27925.0743	27926.5000	27900.0000	2
20251219	105115	0.0000	27928.5000	27928.5000	27925.0743	27928.5000	27900.0000	2
20251219	105130	0.0000	27932.0000	27932.0000	27925.0743	27932.0000	27900.0000	2
20251219	105145	0.0000	27936.5000	27936.5000	27932.5966	27936.5000	27900.0000	2
20251219	105200	0.0000	27939.0000	27939.0000	27935.1040	27939.0000	27900.0000	2
20251219	105215	0.0000	27937.5000	27937.5000	27935.1040	27937.5000	27900.0000	2
20251219	105230	0.0000	27940.5000	27940.5000	27937.6115	27940.5000	27900.0000	2
20251219	105245	0.0000	27941.5000	27941.5000	27945.1338	27941.5000	27900.0000	2
20251219	105300	0.0000	27939.0000	27939.0000	27940.1189	27939.0000	27900.0000	2
20251219	105315	0.0000	27938.0000	27938.0000	27937.6115	27938.0000	27900.0000	2
20251219	105330	0.0000	27938.0000	27938.0000	27937.6115	27938.0000	27900.0000	2
20251219	105345	0.0000	27937.0000	27937.0000	27937.6115	27937.0000	27900.0000	2
20251219	105400	0.0000	27937.0000	27937.0000	27937.6115	27937.0000	27900.0000	2
20251219	105415	0.0000	27936.0000	27936.0000	27937.6115	27936.0000	27900.0000	2
20251219	105430	0.0000	27934.0000	27934.0000	27937.6115	27934.0000	27900.0000	2
20251219	105445	0.0000	27931.5000	27931.5000	27937.6115	27931.5000	27900.0000	2
20251219	105500	0.0000	27931.0000	27931.0000	27937.6115	27931.0000	27900.0000	2
20251219	105515	0.0000	27931.0000	27931.0000	27937.6115	27931.0000	27900.0000	2
20251219	105530	0.0000	27931.0000	27931.0000	27937.6115	27931.0000	27900.0000	2
20251219	105545	0.0000	27930.0000	27930.0000	27930.0892	27930.0000	27900.0000	2
20251219	105600	27928.0000	27923.5000	27923.5000	27925.0743	27923.5000	27900.0000	4
20251219	105615	0.0000	27921.0000	27921.0000	27922.5669	27921.0000	27900.0000	2
20251219	105630	0.0000	27920.0000	27920.0000	27917.5520	27920.0000	27900.0000	2
20251219	105645	0.0000	27921.0000	27921.0000	27920.0594	27921.0000	27900.0000	2
20251219	105700	0.0000	27923.0000	27923.0000	27925.0743	27923.0000	27900.0000	2
20251219	105715	0.0000	27921.0000	27921.0000	27925.0743	27921.0000	27900.0000	2
20251219	105730	0.0000	27922.0000	27922.0000	27925.0743	27922.0000	27900.0000	2
20251219	105745	27919.0000	27919.0000	27919.0000	27920.0594	27919.0000	27900.0000	1
20251219	105800	0.0000	27917.5000	27917.5000	27917.5520	27917.5000	27900.0000	2
20251219	105815	0.0000	27914.0000	27914.0000	27917.5520	27914.0000	27900.0000	2
20251219	105830	0.0000	27911.0000	27911.0000	27917.5520	27911.0000	27900.0000	2
20251219	105845	0.0000	27912.5000	27912.5000	27917.5520	27912.5000	27900.0000	2
20251219	105900	0.0000	27910.5000	27910.5000	27917.5520	27910.5000	27900.0000	2
20251219	105915	0.0000	27910.5000	27910.5000	27915.0446	27910.5000	27900.0000	2
20251219	105930	0.0000	27910.5000	27910.5000	27915.0446	27910.5000	27900.0000	2
20251219	105945	0.0000	27909.0000	27909.0000	27907.5223	27909.0000	27900.0000	2
20251219	110000	27908.0000	27906.0000	27908.0000	27905.0149	27908.0000	27900.0000	1
20251219	110015	0.0000	27906.5000	27906.5000	27902.5074	27906.5000	27900.0000	2
20251219	110030	27900.0000	27896.5000	27900.0000	27897.4926	27900.0000	27900.0000	1
20251219	110045	27889.0000	27887.5000	27889.0000	27889.9703	27889.0000	27800.0000	1
20251219	110100	0.0000	27887.5000	27887.5000	27889.9703	27887.5000	27800.0000	2
20251219	110115	0.0000	27890.5000	27890.5000	27897.4926	27890.5000	27800.0000	2
20251219	110130	0.0000	27893.5000	27893.5000	27897.4926	27893.5000	27800.0000	2
20251219	110145	0.0000	27900.5000	27900.5000	27900.0000	27900.5000	27900.0000	2
20251219	110200	0.0000	27897.5000	27897.5000	27900.0000	27897.5000	27800.0000	2
20251219	110215	0.0000	27900.5000	27900.5000	27900.0000	27900.5000	27900.0000	2
20251219	110230	0.0000	27902.5000	27902.5000	27900.0000	27902.5000	27900.0000	2
20251219	110245	0.0000	27909.5000	27909.5000	27910.0297	27909.5000	27900.0000	2
20251219	110300	0.0000	27909.0000	27909.0000	27910.0297	27909.0000	27900.0000	2
20251219	110315	0.0000	27904.5000	27904.5000	27907.5223	27904.5000	27900.0000	2
20251219	110330	0.0000	27900.5000	27900.5000	27900.0000	27900.5000	27900.0000	2
20251219	110345	0.0000	27899.0000	27899.0000	27900.0000	27899.0000	27800.0000	2
20251219	110400	0.0000	27897.5000	27897.5000	27900.0000	27897.5000	27800.0000	2
20251219	110415	0.0000	27905.0000	27905.0000	27902.5074	27905.0000	27900.0000	2
20251219	110430	0.0000	27901.0000	27901.0000	27902.5074	27901.0000	27900.0000	2
20251219	110445	0.0000	27902.5000	27902.5000	27902.5074	27902.5000	27900.0000	2
20251219	110500	0.0000	27906.0000	27906.0000	27905.0149	27906.0000	27900.0000	2
20251219	110515	0.0000	27900.5000	27900.5000	27902.5074	27900.5000	27900.0000	2
20251219	110530	0.0000	27899.0000	27899.0000	27900.0000	27899.0000	27800.0000	2
20251219	110545	0.0000	27906.5000	27906.5000	27905.0149	27906.5000	27900.0000	2
20251219	110600	0.0000	27910.5000	27910.5000	27910.0297	27910.5000	27900.0000	2
20251219	110615	0.0000	27907.5000	27907.5000	27910.0297	27907.5000	27900.0000	2
20251219	110630	0.0000	27904.5000	27904.5000	27907.5223	27904.5000	27900.0000	2
20251219	110645	0.0000	27903.5000	27903.5000	27905.0149	27903.5000	27900.0000	2
20251219	110700	0.0000	27900.0000	27900.0000	27902.5074	27900.0000	27900.0000	2
20251219	110715	0.0000	27895.5000	27895.5000	27897.4926	27895.5000	27800.0000	2
20251219	110730	0.0000	27900.0000	27900.0000	27902.5074	27900.0000	27900.0000	2
20251219	110745	0.0000	27902.5000	27902.5000	27905.0149	27902.5000	27900.0000	2
20251219	110800	0.0000	27909.0000	27909.0000	27910.0297	27909.0000	27900.0000	2
20251219	110815	0.0000	27911.5000	27911.5000	27910.0297	27911.5000	27900.0000	2
20251219	110830	0.0000	27913.0000	27913.0000	27910.0297	27913.0000	27900.0000	2
20251219	110845	0.0000	27914.0000	27914.0000	27910.0297	27914.0000	27900.0000	2
20251219	110900	0.0000	27911.0000	27911.0000	27910.0297	27911.0000	27900.0000	2
20251219	110915	0.0000	27912.0000	27912.0000	27910.0297	27912.0000	27900.0000	2
20251219	110930	0.0000	27908.0000	27908.0000	27910.0297	27908.0000	27900.0000	2
20251219	110945	0.0000	27911.0000	27911.0000	27910.0297	27911.0000	27900.0000	2
20251219	111000	0.0000	27907.5000	27907.5000	27910.0297	27907.5000	27900.0000	2
20251219	111015	0.0000	27905.5000	27905.5000	27910.0297	27905.5000	27900.0000	2
20251219	111030	0.0000	27905.5000	27905.5000	27902.5074	27905.5000	27900.0000	2
20251219	111045	0.0000	27901.5000	27901.5000	27902.5074	27901.5000	27900.0000	2
20251219	111100	0.0000	27907.0000	27907.0000	27910.0297	27907.0000	27900.0000	2
20251219	111115	0.0000	27910.0000	27910.0000	27910.0297	27910.0000	27900.0000	2
20251219	111130	0.0000	27912.5000	27912.5000	27910.0297	27912.5000	27900.0000	2
20251219	111145	0.0000	27916.0000	27916.0000	27910.0297	27916.0000	27900.0000	2
20251219	111200	0.0000	27917.0000	27917.0000	27915.0446	27917.0000	27900.0000	2
20251219	111215	0.0000	27923.0000	27923.0000	27920.0594	27923.0000	27900.0000	2
20251219	111230	27930.0000	27931.0000	27930.0000	27930.0892	27930.0000	27900.0000	1
20251219	111245	27930.0000	27935.5000	27935.5000	27930.0892	27935.5000	27900.0000	4
20251219	111300	0.0000	27935.0000	27935.0000	27932.5966	27935.0000	27900.0000	2
20251219	111315	27940.0000	27937.0000	27940.0000	27940.1189	27940.0000	27900.0000	1
20251219	111330	0.0000	27936.0000	27936.0000	27940.1189	27936.0000	27900.0000	2
20251219	111345	0.0000	27936.0000	27936.0000	27940.1189	27936.0000	27900.0000	2
20251219	111400	0.0000	27932.0000	27932.0000	27935.1040	27932.0000	27900.0000	2
20251219	111415	0.0000	27936.0000	27936.0000	27932.5966	27936.0000	27900.0000	2
20251219	111430	0.0000	27935.0000	27935.0000	27932.5966	27935.0000	27900.0000	2
20251219	111445	27930.0000	27927.0000	27930.0000	27930.0892	27930.0000	27900.0000	1
20251219	111500	0.0000	27926.0000	27926.0000	27927.5817	27926.0000	27900.0000	2
20251219	111515	0.0000	27921.5000	27921.5000	27922.5669	27921.5000	27900.0000	2
20251219	111530	0.0000	27926.0000	27926.0000	27920.0594	27926.0000	27900.0000	2
20251219	111545	0.0000	27929.0000	27929.0000	27930.0892	27929.0000	27900.0000	2
20251219	111600	0.0000	27926.0000	27926.0000	27927.5817	27926.0000	27900.0000	2
20251219	111615	0.0000	27927.0000	27927.0000	27927.5817	27927.0000	27900.0000	2
20251219	111630	0.0000	27927.5000	27927.5000	27930.0892	27927.5000	27900.0000	2
20251219	111645	0.0000	27930.5000	27930.5000	27930.0892	27930.5000	27900.0000	2
20251219	111700	0.0000	27931.0000	27931.0000	27930.0892	27931.0000	27900.0000	2
20251219	111715	0.0000	27933.0000	27933.0000	27930.0892	27933.0000	27900.0000	2
20251219	111730	0.0000	27931.5000	27931.5000	27930.0892	27931.5000	27900.0000	2
20251219	111745	0.0000	27932.0000	27932.0000	27930.0892	27932.0000	27900.0000	2
20251219	111800	0.0000	27930.0000	27930.0000	27930.0892	27930.0000	27900.0000	2
20251219	111815	27926.0000	27924.0000	27926.0000	27922.5669	27926.0000	27900.0000	1
20251219	111830	0.0000	27926.0000	27926.0000	27922.5669	27926.0000	27900.0000	2
20251219	111845	27900.0000	27899.5000	27900.0000	27902.5074	27900.0000	27900.0000	1
20251219	111900	0.0000	27892.0000	27892.0000	27894.9851	27892.0000	27800.0000	2
20251219	111915	0.0000	27893.5000	27893.5000	27889.9703	27893.5000	27800.0000	2
20251219	111930	0.0000	27889.5000	27889.5000	27889.9703	27889.5000	27800.0000	2
20251219	111945	27888.0000	27887.0000	27888.0000	27889.9703	27888.0000	27800.0000	1
20251219	112000	27880.0000	27882.5000	27880.0000	27884.9554	27880.0000	27800.0000	1
20251219	112015	0.0000	27896.0000	27896.0000	27892.4777	27896.0000	27800.0000	2
20251219	112030	0.0000	27891.0000	27891.0000	27889.9703	27891.0000	27800.0000	2
20251219	112045	0.0000	27884.0000	27884.0000	27884.9554	27884.0000	27800.0000	2
20251219	112100	0.0000	27893.0000	27893.0000	27889.9703	27893.0000	27800.0000	2
20251219	112115	0.0000	27896.5000	27896.5000	27894.9851	27896.5000	27800.0000	2
20251219	112130	0.0000	27900.0000	27900.0000	27897.4926	27900.0000	27900.0000	2
20251219	112145	0.0000	27906.0000	27906.0000	27907.5223	27906.0000	27900.0000	2
20251219	112200	0.0000	27909.0000	27909.0000	27910.0297	27909.0000	27900.0000	2
20251219	112215	0.0000	27916.5000	27916.5000	27915.0446	27916.5000	27900.0000	2
20251219	112230	0.0000	27919.0000	27919.0000	27917.5520	27919.0000	27900.0000	2
20251219	112245	0.0000	27914.0000	27914.0000	27915.0446	27914.0000	27900.0000	2
20251219	112300	0.0000	27910.0000	27910.0000	27912.5371	27910.0000	27900.0000	2
20251219	112315	0.0000	27911.0000	27911.0000	27910.0297	27911.0000	27900.0000	2
20251219	112330	0.0000	27922.0000	27922.0000	27920.0594	27922.0000	27900.0000	2
20251219	112345	0.0000	27919.5000	27919.5000	27920.0594	27919.5000	27900.0000	2
20251219	112400	0.0000	27928.5000	27928.5000	27932.5966	27928.5000	27900.0000	2
20251219	112415	27938.0000	27940.0000	27938.0000	27937.6114	27938.0000	27900.0000	1
20251219	112430	0.0000	27937.5000	27937.5000	27935.1040	27937.5000	27900.0000	2
20251219	112445	0.0000	27937.0000	27937.0000	27935.1040	27937.0000	27900.0000	2
20251219	112500	27942.0000	27943.0000	27942.0000	27942.6263	27942.0000	27900.0000	1
20251219	112515	27953.0000	27952.0000	27953.0000	27952.3589	27953.0000	27900.0000	1
20251219	112530	0.0000	27958.5000	27958.5000	27959.8811	27958.5000	27900.0000	2
20251219	112545	27968.0000	27969.0000	27968.0000	27969.9109	27968.0000	27900.0000	1
20251219	112600	0.0000	27975.5000	27975.5000	27972.4183	27975.5000	27900.0000	2
20251219	112615	0.0000	27981.0000	27981.0000	27979.9406	27981.0000	27900.0000	2
20251219	112630	27984.0000	27996.0000	27996.0000	27997.4926	27996.0000	27900.0000	4
20251219	112645	28030.0000	28024.5000	28024.5000	27997.4926	28024.5000	28000.0000	4
20251219	112700	28026.0000	28027.0000	28026.0000	28027.5817	28026.0000	28000.0000	1
20251219	112715	0.0000	28036.0000	28036.0000	28035.1040	28036.0000	28000.0000	2
20251219	112730	0.0000	28015.0000	28015.0000	28017.5520	28015.0000	28000.0000	2
20251219	112745	0.0000	28021.5000	28021.5000	28022.5669	28021.5000	28000.0000	2
20251219	112800	0.0000	28024.5000	28024.5000	28022.5669	28024.5000	28000.0000	2
20251219	112815	0.0000	28023.0000	28023.0000	28022.5669	28023.0000	28000.0000	2
20251219	112830	28030.0000	28024.5000	28024.5000	28025.0743	28024.5000	28000.0000	4
20251219	112845	28027.0000	28024.5000	28027.0000	28022.5669	28027.0000	28000.0000	1
20251219	112900	28013.0000	28012.5000	28013.0000	28010.0297	28013.0000	28000.0000	1
20251219	112915	28003.0000	28003.0000	28003.0000	28010.0297	28003.0000	28000.0000	1
20251219	112930	0.0000	27996.5000	27996.5000	27997.4926	27996.5000	27900.0000	2
20251219	112945	0.0000	27993.0000	27993.0000	27992.4777	27993.0000	27900.0000	2
20251219	113000	27999.0000	28005.0000	28005.0000	28002.5074	28005.0000	28000.0000	4
20251219	113015	28011.0000	28009.5000	28011.0000	28007.5223	28011.0000	28000.0000	1
20251219	113030	28008.0000	28007.0000	28008.0000	28007.5223	28008.0000	28000.0000	1
20251219	113045	0.0000	28008.0000	28008.0000	28007.5223	28008.0000	28000.0000	2
20251219	113100	0.0000	28013.5000	28013.5000	28007.5223	28013.5000	28000.0000	2
20251219	113115	0.0000	28019.0000	28019.0000	28017.5520	28019.0000	28000.0000	2
20251219	113130	0.0000	28017.0000	28017.0000	28017.5520	28017.0000	28000.0000	2
20251219	113145	0.0000	28014.0000	28014.0000	28012.5371	28014.0000	28000.0000	2
20251219	113200	0.0000	28011.5000	28011.5000	28012.5371	28011.5000	28000.0000	2
20251219	113215	0.0000	28007.0000	28007.0000	28010.0297	28007.0000	28000.0000	2
20251219	113230	0.0000	28003.5000	28003.5000	28005.0149	28003.5000	28000.0000	2
20251219	113245	28003.0000	27998.0000	27998.0000	28000.0000	27998.0000	27900.0000	4
20251219	113300	0.0000	27995.0000	27995.0000	27997.4926	27995.0000	27900.0000	2
20251219	113315	0.0000	27989.5000	27989.5000	27992.4777	27989.5000	27900.0000	2
20251219	113330	0.0000	27986.5000	27986.5000	27992.4777	27986.5000	27900.0000	2
20251219	113345	0.0000	27972.0000	27972.0000	27972.4183	27972.0000	27900.0000	2
20251219	113400	0.0000	27983.0000	27983.0000	27982.4480	27983.0000	27900.0000	2
20251219	113415	27985.0000	27986.0000	27985.0000	27984.9554	27985.0000	27900.0000	1
20251219	113430	27983.0000	27983.0000	27983.0000	27977.4331	27983.0000	27900.0000	1
20251219	113445	27980.0000	27982.0000	27980.0000	27977.4331	27980.0000	27900.0000	1
20251219	113500	27980.0000	27981.5000	27980.0000	27977.4331	27980.0000	27900.0000	1
20251219	113515	0.0000	27981.5000	27981.5000	27977.4331	27981.5000	27900.0000	2
20251219	113530	27980.0000	27987.0000	27987.0000	27989.9703	27987.0000	27900.0000	4
20251219	113545	0.0000	27982.0000	27982.0000	27977.4331	27982.0000	27900.0000	2
20251219	113600	0.0000	27986.5000	27986.5000	27987.4629	27986.5000	27900.0000	2
20251219	113615	27980.0000	27982.0000	27980.0000	27979.9406	27980.0000	27900.0000	1
20251219	113630	0.0000	27986.0000	27986.0000	27987.4629	27986.0000	27900.0000	2
20251219	113645	0.0000	27988.0000	27988.0000	27987.4629	27988.0000	27900.0000	2
20251219	113700	0.0000	27985.0000	27985.0000	27987.4629	27985.0000	27900.0000	2
20251219	113715	0.0000	27991.0000	27991.0000	27987.4629	27991.0000	27900.0000	2
20251219	113730	0.0000	27997.0000	27997.0000	27992.4777	27997.0000	27900.0000	2
20251219	113745	0.0000	27992.5000	27992.5000	27992.4777	27992.5000	27900.0000	2
20251219	113800	0.0000	27971.0000	27971.0000	27974.9257	27971.0000	27900.0000	2
20251219	113815	0.0000	27968.5000	27968.5000	27967.4034	27968.5000	27900.0000	2
20251219	113830	0.0000	27970.0000	27970.0000	27967.4034	27970.0000	27900.0000	2
20251219	113845	0.0000	27972.5000	27972.5000	27967.4034	27972.5000	27900.0000	2
20251219	113900	0.0000	27971.5000	27971.5000	27967.4034	27971.5000	27900.0000	2
20251219	113915	0.0000	27969.0000	27969.0000	27967.4034	27969.0000	27900.0000	2
20251219	113930	0.0000	27971.5000	27971.5000	27969.9109	27971.5000	27900.0000	2
20251219	113945	0.0000	27980.0000	27980.0000	27977.4332	27980.0000	27900.0000	2
20251219	114000	0.0000	27975.5000	27975.5000	27977.4332	27975.5000	27900.0000	2
20251219	114015	0.0000	27975.0000	27975.0000	27977.4332	27975.0000	27900.0000	2
20251219	114030	0.0000	27986.0000	27986.0000	27982.4480	27986.0000	27900.0000	2
20251219	114045	0.0000	27996.0000	27996.0000	27992.4777	27996.0000	27900.0000	2
20251219	114100	0.0000	28004.0000	28004.0000	27997.4926	28004.0000	28000.0000	2
20251219	114115	0.0000	28000.0000	28000.0000	28000.0000	28000.0000	28000.0000	2
20251219	114130	0.0000	27996.5000	27996.5000	27992.4777	27996.5000	27900.0000	2
20251219	114145	0.0000	27996.0000	27996.0000	27997.4926	27996.0000	27900.0000	2
20251219	114200	0.0000	27995.5000	27995.5000	27992.4777	27995.5000	27900.0000	2
20251219	114215	0.0000	27996.0000	27996.0000	27992.4777	27996.0000	27900.0000	2
20251219	114230	0.0000	27994.0000	27994.0000	27992.4777	27994.0000	27900.0000	2
20251219	114245	0.0000	28000.5000	28000.5000	27997.4926	28000.5000	28000.0000	2
20251219	114300	0.0000	27998.5000	27998.5000	27997.4926	27998.5000	27900.0000	2
20251219	114315	0.0000	27999.5000	27999.5000	28000.0000	27999.5000	27900.0000	2
20251219	114330	0.0000	27999.0000	27999.0000	28000.0000	27999.0000	27900.0000	2
20251219	114345	0.0000	27998.0000	27998.0000	28000.0000	27998.0000	27900.0000	2
20251219	114400	0.0000	27997.0000	27997.0000	27994.9851	27997.0000	27900.0000	2
20251219	114415	0.0000	27992.5000	27992.5000	27992.4777	27992.5000	27900.0000	2
20251219	114430	0.0000	27995.5000	27995.5000	27994.9851	27995.5000	27900.0000	2
20251219	114445	27997.0000	28000.5000	28000.5000	28002.5074	28000.5000	28000.0000	4
20251219	114500	0.0000	28001.5000	28001.5000	28002.5074	28001.5000	28000.0000	2
20251219	114515	0.0000	27995.5000	27995.5000	27994.9851	27995.5000	27900.0000	2
20251219	114530	0.0000	27993.5000	27993.5000	27994.9851	27993.5000	27900.0000	2
20251219	114545	0.0000	27996.5000	27996.5000	27994.9851	27996.5000	27900.0000	2
20251219	114600	27992.0000	27995.5000	27992.0000	27994.9851	27992.0000	27900.0000	1
20251219	114615	0.0000	28002.0000	28002.0000	28005.0149	28002.0000	28000.0000	2
20251219	114630	0.0000	28001.0000	28001.0000	28002.5074	28001.0000	28000.0000	2
20251219	114645	0.0000	27998.5000	27998.5000	28000.0000	27998.5000	27900.0000	2
20251219	114700	0.0000	27998.0000	27998.0000	27994.9851	27998.0000	27900.0000	2
20251219	114715	27994.0000	27996.5000	27994.0000	27994.9851	27994.0000	27900.0000	1
20251219	114730	0.0000	27992.0000	27992.0000	27992.4777	27992.0000	27900.0000	2
20251219	114745	0.0000	27991.5000	27991.5000	27992.4777	27991.5000	27900.0000	2
20251219	114800	0.0000	27992.5000	27992.5000	27994.9851	27992.5000	27900.0000	2
20251219	114815	0.0000	27990.5000	27990.5000	27992.4777	27990.5000	27900.0000	2
20251219	114830	0.0000	27990.5000	27990.5000	27994.9851	27990.5000	27900.0000	2
20251219	114845	0.0000	27990.5000	27990.5000	27994.9851	27990.5000	27900.0000	2
20251219	114900	0.0000	27992.0000	27992.0000	27994.9851	27992.0000	27900.0000	2
20251219	114915	0.0000	27994.0000	27994.0000	27994.9851	27994.0000	27900.0000	2
20251219	114930	0.0000	27994.5000	27994.5000	27994.9851	27994.5000	27900.0000	2
20251219	114945	0.0000	27997.5000	27997.5000	27994.9851	27997.5000	27900.0000	2
20251219	115000	0.0000	27998.0000	27998.0000	28000.0000	27998.0000	27900.0000	2
20251219	115015	0.0000	27997.0000	27997.0000	27997.4926	27997.0000	27900.0000	2
20251219	115030	0.0000	27994.5000	27994.5000	27994.9851	27994.5000	27900.0000	2
20251219	115045	0.0000	27997.0000	27997.0000	27994.9851	27997.0000	27900.0000	2
20251219	115100	0.0000	27997.0000	27997.0000	27994.9851	27997.0000	27900.0000	2
20251219	115115	0.0000	27992.5000	27992.5000	27992.4777	27992.5000	27900.0000	2
20251219	115130	0.0000	27994.5000	27994.5000	27994.9851	27994.5000	27900.0000	2
20251219	115145	0.0000	27995.5000	27995.5000	27994.9851	27995.5000	27900.0000	2
20251219	115200	0.0000	27997.0000	27997.0000	27994.9851	27997.0000	27900.0000	2
20251219	115215	0.0000	27994.5000	27994.5000	27994.9851	27994.5000	27900.0000	2
20251219	115230	0.0000	27997.0000	27997.0000	27994.9851	27997.0000	27900.0000	2
20251219	115245	0.0000	27998.5000	27998.5000	27997.4926	27998.5000	27900.0000	2
20251219	115300	0.0000	27998.5000	27998.5000	27997.4926	27998.5000	27900.0000	2
20251219	115315	28001.0000	28008.5000	28008.5000	28005.0149	28008.5000	28000.0000	4
20251219	115330	0.0000	28006.0000	28006.0000	28005.0149	28006.0000	28000.0000	2
20251219	115345	0.0000	28009.0000	28009.0000	28005.0149	28009.0000	28000.0000	2
20251219	115400	0.0000	28005.0000	28005.0000	28005.0149	28005.0000	28000.0000	2
20251219	115415	0.0000	28006.0000	28006.0000	28005.0149	28006.0000	28000.0000	2
20251219	115430	0.0000	28009.0000	28009.0000	28002.5074	28009.0000	28000.0000	2
20251219	115445	0.0000	28009.5000	28009.5000	28005.0149	28009.5000	28000.0000	2
20251219	115500	28007.0000	28008.5000	28007.0000	28005.0149	28007.0000	28000.0000	1
20251219	115515	0.0000	28004.5000	28004.5000	28005.0149	28004.5000	28000.0000	2
20251219	115530	0.0000	28006.0000	28006.0000	28005.0149	28006.0000	28000.0000	2
20251219	115545	0.0000	28003.0000	28003.0000	28002.5074	28003.0000	28000.0000	2
20251219	115600	0.0000	28006.0000	28006.0000	28005.0149	28006.0000	28000.0000	2
20251219	115615	0.0000	28005.0000	28005.0000	28005.0149	28005.0000	28000.0000	2
20251219	115630	0.0000	28004.5000	28004.5000	28005.0149	28004.5000	28000.0000	2
20251219	115645	0.0000	28003.0000	28003.0000	28002.5074	28003.0000	28000.0000	2
20251219	115700	0.0000	28004.5000	28004.5000	28002.5074	28004.5000	28000.0000	2
20251219	115715	28003.0000	28000.5000	28003.0000	28002.5074	28003.0000	28000.0000	1
20251219	115730	0.0000	27997.5000	27997.5000	27994.9851	27997.5000	27900.0000	2
20251219	115745	0.0000	27997.5000	27997.5000	27994.9851	27997.5000	27900.0000	2
20251219	115800	0.0000	27997.0000	27997.0000	27994.9851	27997.0000	27900.0000	2
20251219	115815	27999.0000	27999.5000	27999.0000	27997.4926	27999.0000	27900.0000	1
20251219	115830	0.0000	28003.0000	28003.0000	28002.5074	28003.0000	28000.0000	2
20251219	115845	0.0000	28003.0000	28003.0000	28002.5074	28003.0000	28000.0000	2
20251219	115900	0.0000	28002.0000	28002.0000	28002.5074	28002.0000	28000.0000	2
20251219	115915	0.0000	28002.0000	28002.0000	28002.5074	28002.0000	28000.0000	2
20251219	115930	0.0000	28001.0000	28001.0000	28002.5074	28001.0000	28000.0000	2
20251219	115945	28001.0000	28002.0000	28001.0000	28002.5074	28001.0000	28000.0000	1
20251219	120000	0.0000	28005.5000	28005.5000	28002.5074	28005.5000	28000.0000	2
20251219	120015	0.0000	28006.0000	28006.0000	28002.5074	28006.0000	28000.0000	2
20251219	120030	0.0000	28004.0000	28004.0000	28005.0149	28004.0000	28000.0000	2
20251219	120045	0.0000	27999.5000	27999.5000	28000.0000	27999.5000	27900.0000	2
20251219	120100	0.0000	27999.5000	27999.5000	28000.0000	27999.5000	27900.0000	2
20251219	120115	0.0000	27996.5000	27996.5000	27994.9851	27996.5000	27900.0000	2
20251219	120130	0.0000	27995.5000	27995.5000	27994.9851	27995.5000	27900.0000	2
20251219	120145	0.0000	27998.0000	27998.0000	27994.9851	27998.0000	27900.0000	2
20251219	120200	0.0000	27997.5000	27997.5000	27994.9851	27997.5000	27900.0000	2
20251219	120215	0.0000	27998.0000	27998.0000	27994.9851	27998.0000	27900.0000	2
20251219	120230	0.0000	27997.0000	27997.0000	27994.9851	27997.0000	27900.0000	2
20251219	120245	0.0000	27996.5000	27996.5000	27994.9851	27996.5000	27900.0000	2
20251219	120300	0.0000	27995.5000	27995.5000	27994.9851	27995.5000	27900.0000	2
20251219	120315	0.0000	28000.0000	28000.0000	27994.9851	28000.0000	28000.0000	2
20251219	120330	0.0000	28003.5000	28003.5000	28002.5074	28003.5000	28000.0000	2
20251219	120345	0.0000	28002.5000	28002.5000	28002.5074	28002.5000	28000.0000	2
20251219	120400	0.0000	28006.0000	28006.0000	28002.5074	28006.0000	28000.0000	2
20251219	120415	0.0000	28003.0000	28003.0000	28002.5074	28003.0000	28000.0000	2
20251219	120430	0.0000	28003.0000	28003.0000	28002.5074	28003.0000	28000.0000	2
20251219	120445	0.0000	28007.0000	28007.0000	28002.5074	28007.0000	28000.0000	2
20251219	120500	0.0000	28008.5000	28008.5000	28005.0149	28008.5000	28000.0000	2
20251219	120515	0.0000	28012.5000	28012.5000	28015.0446	28012.5000	28000.0000	2
20251219	120530	0.0000	28009.0000	28009.0000	28010.0297	28009.0000	28000.0000	2
20251219	120545	0.0000	28010.5000	28010.5000	28012.5371	28010.5000	28000.0000	2
20251219	120600	0.0000	28009.0000	28009.0000	28010.0297	28009.0000	28000.0000	2
20251219	120615	0.0000	28006.0000	28006.0000	28005.0149	28006.0000	28000.0000	2
20251219	120630	0.0000	28003.5000	28003.5000	28005.0149	28003.5000	28000.0000	2
20251219	120645	28001.0000	28001.0000	28001.0000	28002.5074	28001.0000	28000.0000	1
20251219	120700	0.0000	28001.5000	28001.5000	28002.5074	28001.5000	28000.0000	2
20251219	120715	0.0000	28001.0000	28001.0000	28002.5074	28001.0000	28000.0000	2
20251219	120730	0.0000	28000.0000	28000.0000	28002.5074	28000.0000	28000.0000	2
20251219	120745	0.0000	27999.0000	27999.0000	28000.0000	27999.0000	27900.0000	2
20251219	120800	0.0000	27998.0000	27998.0000	27997.4926	27998.0000	27900.0000	2
20251219	120815	28001.0000	28000.0000	28001.0000	27997.4926	28001.0000	28000.0000	1
20251219	120830	0.0000	28000.0000	28000.0000	28000.0000	28000.0000	28000.0000	2
20251219	120845	0.0000	27996.5000	27996.5000	27997.4926	27996.5000	27900.0000	2
20251219	120900	0.0000	27997.5000	27997.5000	27997.4926	27997.5000	27900.0000	2
20251219	120915	0.0000	27993.5000	27993.5000	27994.9851	27993.5000	27900.0000	2
20251219	120930	0.0000	27987.0000	27987.0000	27987.4629	27987.0000	27900.0000	2
20251219	120945	0.0000	27982.5000	27982.5000	27984.9554	27982.5000	27900.0000	2
20251219	121000	0.0000	27984.5000	27984.5000	27984.9554	27984.5000	27900.0000	2
20251219	121015	27968.0000	27968.5000	27968.0000	27979.9406	27968.0000	27900.0000	1
20251219	121030	0.0000	27966.0000	27966.0000	27967.4035	27966.0000	27900.0000	2
20251219	121045	0.0000	27971.0000	27971.0000	27972.4183	27971.0000	27900.0000	2
20251219	121100	0.0000	27965.0000	27965.0000	27967.4035	27965.0000	27900.0000	2
20251219	121115	27961.0000	27965.0000	27965.0000	27967.4035	27965.0000	27900.0000	4
20251219	121130	0.0000	27965.5000	27965.5000	27967.4035	27965.5000	27900.0000	2
20251219	121145	0.0000	27958.0000	27958.0000	27959.8812	27958.0000	27900.0000	2
20251219	121200	0.0000	27964.0000	27964.0000	27964.8960	27964.0000	27900.0000	2
20251219	121215	27953.0000	27952.5000	27953.0000	27952.3589	27953.0000	27900.0000	1
20251219	121230	27950.0000	27949.0000	27950.0000	27947.3441	27950.0000	27900.0000	1
20251219	121245	27946.0000	27954.5000	27954.5000	27952.3589	27954.5000	27900.0000	4
20251219	121300	0.0000	27960.0000	27960.0000	27957.3738	27960.0000	27900.0000	2
20251219	121315	0.0000	27964.5000	27964.5000	27962.3886	27964.5000	27900.0000	2
20251219	121330	0.0000	27966.5000	27966.5000	27964.8961	27966.5000	27900.0000	2
20251219	121345	0.0000	27966.5000	27966.5000	27964.8961	27966.5000	27900.0000	2
20251219	121400	27969.0000	27969.5000	27969.0000	27964.8961	27969.0000	27900.0000	1
20251219	121415	0.0000	27971.5000	27971.5000	27967.4035	27971.5000	27900.0000	2
20251219	121430	0.0000	27969.0000	27969.0000	27967.4035	27969.0000	27900.0000	2
20251219	121445	0.0000	27965.0000	27965.0000	27962.3886	27965.0000	27900.0000	2
20251219	121500	0.0000	27966.5000	27966.5000	27959.8812	27966.5000	27900.0000	2
20251219	121515	0.0000	27965.5000	27965.5000	27959.8812	27965.5000	27900.0000	2
20251219	121530	0.0000	27962.0000	27962.0000	27962.3886	27962.0000	27900.0000	2
20251219	121545	0.0000	27960.0000	27960.0000	27959.8812	27960.0000	27900.0000	2
20251219	121600	0.0000	27964.5000	27964.5000	27962.3886	27964.5000	27900.0000	2
20251219	121615	0.0000	27966.5000	27966.5000	27962.3886	27966.5000	27900.0000	2
20251219	121630	0.0000	27972.0000	27972.0000	27967.4035	27972.0000	27900.0000	2
20251219	121645	0.0000	27971.5000	27971.5000	27967.4035	27971.5000	27900.0000	2
20251219	121700	0.0000	27970.5000	27970.5000	27967.4035	27970.5000	27900.0000	2
20251219	121715	27970.0000	27964.5000	27964.5000	27962.3886	27964.5000	27900.0000	4
20251219	121730	0.0000	27964.5000	27964.5000	27962.3886	27964.5000	27900.0000	2
20251219	121745	0.0000	27965.5000	27965.5000	27962.3886	27965.5000	27900.0000	2
20251219	121800	0.0000	27964.5000	27964.5000	27964.8961	27964.5000	27900.0000	2
20251219	121815	0.0000	27959.5000	27959.5000	27959.8812	27959.5000	27900.0000	2
20251219	121830	0.0000	27954.5000	27954.5000	27952.3589	27954.5000	27900.0000	2
20251219	121845	0.0000	27952.5000	27952.5000	27954.8664	27952.5000	27900.0000	2
20251219	121900	0.0000	27955.5000	27955.5000	27952.3589	27955.5000	27900.0000	2
20251219	121915	0.0000	27957.5000	27957.5000	27954.8664	27957.5000	27900.0000	2
20251219	121930	0.0000	27960.0000	27960.0000	27959.8812	27960.0000	27900.0000	2
20251219	121945	0.0000	27959.0000	27959.0000	27957.3738	27959.0000	27900.0000	2
20251219	122000	0.0000	27960.5000	27960.5000	27959.8812	27960.5000	27900.0000	2
20251219	122015	0.0000	27964.0000	27964.0000	27962.3886	27964.0000	27900.0000	2
20251219	122030	0.0000	27963.0000	27963.0000	27964.8961	27963.0000	27900.0000	2
20251219	122045	0.0000	27965.0000	27965.0000	27962.3886	27965.0000	27900.0000	2
20251219	122100	0.0000	27965.5000	27965.5000	27962.3886	27965.5000	27900.0000	2
20251219	122115	0.0000	27959.0000	27959.0000	27959.8812	27959.0000	27900.0000	2
20251219	122130	27950.0000	27951.0000	27950.0000	27952.3589	27950.0000	27900.0000	1
20251219	122145	0.0000	27954.0000	27954.0000	27952.3589	27954.0000	27900.0000	2
20251219	122200	0.0000	27952.0000	27952.0000	27952.3589	27952.0000	27900.0000	2
20251219	122215	0.0000	27950.0000	27950.0000	27949.8515	27950.0000	27900.0000	2
20251219	122230	0.0000	27955.5000	27955.5000	27952.3589	27955.5000	27900.0000	2
20251219	122245	0.0000	27958.0000	27958.0000	27959.8812	27958.0000	27900.0000	2
20251219	122300	0.0000	27957.0000	27957.0000	27957.3738	27957.0000	27900.0000	2
20251219	122315	0.0000	27957.5000	27957.5000	27957.3738	27957.5000	27900.0000	2
20251219	122330	0.0000	27957.0000	27957.0000	27954.8664	27957.0000	27900.0000	2
20251219	122345	0.0000	27950.5000	27950.5000	27952.3589	27950.5000	27900.0000	2
20251219	122400	0.0000	27947.5000	27947.5000	27950.1485	27947.5000	27900.0000	2
20251219	122415	0.0000	27943.0000	27943.0000	27947.6411	27943.0000	27900.0000	2
20251219	122430	27942.0000	27948.0000	27948.0000	27947.6411	27948.0000	27900.0000	4
20251219	122445	0.0000	27948.0000	27948.0000	27947.6411	27948.0000	27900.0000	2
20251219	122500	0.0000	27947.0000	27947.0000	27947.6411	27947.0000	27900.0000	2
20251219	122515	27947.0000	27945.5000	27947.0000	27945.1336	27947.0000	27900.0000	1
20251219	122530	0.0000	27947.0000	27947.0000	27945.1336	27947.0000	27900.0000	2
20251219	122545	0.0000	27946.5000	27946.5000	27945.1336	27946.5000	27900.0000	2
20251219	122600	0.0000	27948.5000	27948.5000	27945.1336	27948.5000	27900.0000	2
20251219	122615	27947.0000	27946.0000	27947.0000	27945.1336	27947.0000	27900.0000	1
20251219	122630	27942.0000	27944.0000	27942.0000	27942.6262	27942.0000	27900.0000	1
20251219	122645	27942.0000	27937.5000	27937.5000	27940.1188	27937.5000	27900.0000	4
20251219	122700	27930.0000	27931.5000	27930.0000	27927.5817	27930.0000	27900.0000	1
20251219	122715	27927.0000	27929.0000	27927.0000	27927.5817	27927.0000	27900.0000	1
20251219	122730	27928.0000	27928.5000	27928.0000	27930.0891	27928.0000	27900.0000	1
20251219	122745	27920.0000	27921.0000	27920.0000	27917.5520	27920.0000	27900.0000	1
20251219	122800	27919.0000	27918.0000	27919.0000	27920.0594	27919.0000	27900.0000	1
20251219	122815	0.0000	27919.5000	27919.5000	27922.5668	27919.5000	27900.0000	2
20251219	122830	0.0000	27922.0000	27922.0000	27922.5668	27922.0000	27900.0000	2
20251219	122845	0.0000	27920.0000	27920.0000	27920.0594	27920.0000	27900.0000	2
20251219	122900	27916.0000	27916.0000	27916.0000	27912.5371	27916.0000	27900.0000	1
20251219	122915	27915.0000	27915.5000	27915.0000	27912.5371	27915.0000	27900.0000	1
20251219	122930	0.0000	27921.0000	27921.0000	27920.0594	27921.0000	27900.0000	2
20251219	122945	0.0000	27923.0000	27923.0000	27920.0594	27923.0000	27900.0000	2
20251219	123000	0.0000	27924.0000	27924.0000	27920.0594	27924.0000	27900.0000	2
20251219	123015	27927.0000	27928.0000	27927.0000	27925.0742	27927.0000	27900.0000	1
20251219	123030	0.0000	27939.0000	27939.0000	27940.1188	27939.0000	27900.0000	2
20251219	123045	0.0000	27939.5000	27939.5000	27940.1188	27939.5000	27900.0000	2
20251219	123100	0.0000	27935.5000	27935.5000	27932.5965	27935.5000	27900.0000	2
20251219	123115	27935.0000	27933.5000	27935.0000	27930.0891	27935.0000	27900.0000	1
20251219	123130	0.0000	27929.0000	27929.0000	27930.0891	27929.0000	27900.0000	2
20251219	123145	27934.0000	27932.0000	27934.0000	27930.0891	27934.0000	27900.0000	1
20251219	123200	0.0000	27932.0000	27932.0000	27930.0891	27932.0000	27900.0000	2
20251219	123215	0.0000	27935.0000	27935.0000	27932.5965	27935.0000	27900.0000	2
20251219	123230	0.0000	27933.0000	27933.0000	27930.0891	27933.0000	27900.0000	2
20251219	123245	0.0000	27937.0000	27937.0000	27935.1039	27937.0000	27900.0000	2
20251219	123300	0.0000	27936.5000	27936.5000	27935.1039	27936.5000	27900.0000	2
20251219	123315	27932.0000	27931.5000	27932.0000	27930.0891	27932.0000	27900.0000	1
20251219	123330	0.0000	27924.5000	27924.5000	27925.0742	27924.5000	27900.0000	2
20251219	123345	0.0000	27925.0000	27925.0000	27922.5668	27925.0000	27900.0000	2
20251219	123400	0.0000	27936.0000	27936.0000	27935.1039	27936.0000	27900.0000	2
20251219	123415	27932.0000	27932.5000	27932.0000	27932.5965	27932.0000	27900.0000	1
20251219	123430	0.0000	27930.5000	27930.5000	27930.0891	27930.5000	27900.0000	2
20251219	123445	27913.0000	27916.5000	27916.5000	27915.0445	27916.5000	27900.0000	4
20251219	123500	27916.0000	27917.5000	27916.0000	27917.5520	27916.0000	27900.0000	1
20251219	123515	27920.0000	27920.0000	27920.0000	27917.5520	27920.0000	27900.0000	1
20251219	123530	0.0000	27922.0000	27922.0000	27917.5520	27922.0000	27900.0000	2
20251219	123545	0.0000	27921.5000	27921.5000	27920.0594	27921.5000	27900.0000	2
20251219	123600	0.0000	27917.5000	27917.5000	27917.5520	27917.5000	27900.0000	2
20251219	123615	0.0000	27914.0000	27914.0000	27915.0445	27914.0000	27900.0000	2
20251219	123630	27910.0000	27911.0000	27910.0000	27912.5371	27910.0000	27900.0000	1
20251219	123645	0.0000	27908.5000	27908.5000	27910.0297	27908.5000	27900.0000	2
20251219	123700	27907.0000	27904.0000	27907.0000	27907.5223	27907.0000	27900.0000	1
20251219	123715	0.0000	27903.0000	27903.0000	27905.0148	27903.0000	27900.0000	2
20251219	123730	0.0000	27904.5000	27904.5000	27905.0148	27904.5000	27900.0000	2
20251219	123745	0.0000	27908.5000	27908.5000	27907.5223	27908.5000	27900.0000	2
20251219	123800	0.0000	27912.5000	27912.5000	27910.0297	27912.5000	27900.0000	2
20251219	123815	27921.0000	27923.5000	27921.0000	27917.5520	27921.0000	27900.0000	1
20251219	123830	0.0000	27925.0000	27925.0000	27922.5668	27925.0000	27900.0000	2
20251219	123845	0.0000	27927.5000	27927.5000	27922.5668	27927.5000	27900.0000	2
20251219	123900	0.0000	27928.5000	27928.5000	27922.5668	27928.5000	27900.0000	2
20251219	123915	0.0000	27930.5000	27930.5000	27925.0742	27930.5000	27900.0000	2
20251219	123930	0.0000	27939.0000	27939.0000	27935.1039	27939.0000	27900.0000	2
20251219	123945	0.0000	27933.0000	27933.0000	27930.0891	27933.0000	27900.0000	2
20251219	124000	0.0000	27931.0000	27931.0000	27927.5817	27931.0000	27900.0000	2
20251219	124015	0.0000	27936.0000	27936.0000	27932.5965	27936.0000	27900.0000	2
20251219	124030	0.0000	27933.0000	27933.0000	27930.0891	27933.0000	27900.0000	2
20251219	124045	0.0000	27932.5000	27932.5000	27930.0891	27932.5000	27900.0000	2
20251219	124100	0.0000	27936.0000	27936.0000	27935.1039	27936.0000	27900.0000	2
20251219	124115	0.0000	27928.0000	27928.0000	27927.5817	27928.0000	27900.0000	2
20251219	124130	27925.0000	27924.0000	27925.0000	27925.0742	27925.0000	27900.0000	1
20251219	124145	0.0000	27924.0000	27924.0000	27925.0742	27924.0000	27900.0000	2
20251219	124200	27920.0000	27920.5000	27920.0000	27922.5668	27920.0000	27900.0000	1
20251219	124215	0.0000	27917.0000	27917.0000	27920.0594	27917.0000	27900.0000	2
20251219	124230	0.0000	27914.0000	27914.0000	27920.0594	27914.0000	27900.0000	2
20251219	124245	0.0000	27920.5000	27920.5000	27920.0594	27920.5000	27900.0000	2
20251219	124300	27914.0000	27917.5000	27914.0000	27917.5520	27914.0000	27900.0000	1
20251219	124315	0.0000	27915.5000	27915.5000	27917.5520	27915.5000	27900.0000	2
20251219	124330	0.0000	27917.5000	27917.5000	27917.5520	27917.5000	27900.0000	2
20251219	124345	0.0000	27915.5000	27915.5000	27917.5520	27915.5000	27900.0000	2
20251219	124400	27910.0000	27913.5000	27913.5000	27915.0445	27913.5000	27900.0000	4
20251219	124415	0.0000	27909.0000	27909.0000	27912.5371	27909.0000	27900.0000	2
20251219	124430	0.0000	27910.0000	27910.0000	27912.5371	27910.0000	27900.0000	2
20251219	124445	27910.0000	27913.0000	27910.0000	27915.0445	27910.0000	27900.0000	1
20251219	124500	0.0000	27917.5000	27917.5000	27917.5520	27917.5000	27900.0000	2
20251219	124515	0.0000	27911.5000	27911.5000	27912.5371	27911.5000	27900.0000	2
20251219	124530	0.0000	27913.5000	27913.5000	27912.5371	27913.5000	27900.0000	2
20251219	124545	0.0000	27906.0000	27906.0000	27910.0297	27906.0000	27900.0000	2
20251219	124600	0.0000	27910.0000	27910.0000	27912.5371	27910.0000	27900.0000	2
20251219	124615	27916.0000	27913.0000	27916.0000	27915.0445	27916.0000	27900.0000	1
20251219	124630	27913.0000	27912.0000	27913.0000	27912.5371	27913.0000	27900.0000	1
20251219	124645	0.0000	27915.0000	27915.0000	27917.5520	27915.0000	27900.0000	2
20251219	124700	0.0000	27917.5000	27917.5000	27917.5520	27917.5000	27900.0000	2
20251219	124715	0.0000	27916.0000	27916.0000	27917.5520	27916.0000	27900.0000	2
20251219	124730	0.0000	27919.5000	27919.5000	27917.5520	27919.5000	27900.0000	2
20251219	124745	0.0000	27918.5000	27918.5000	27917.5520	27918.5000	27900.0000	2
20251219	124800	27917.0000	27916.0000	27917.0000	27917.5520	27917.0000	27900.0000	1
20251219	124815	0.0000	27919.5000	27919.5000	27917.5520	27919.5000	27900.0000	2
20251219	124830	0.0000	27912.0000	27912.0000	27912.5371	27912.0000	27900.0000	2
20251219	124845	0.0000	27914.5000	27914.5000	27917.5520	27914.5000	27900.0000	2
20251219	124900	0.0000	27911.0000	27911.0000	27912.5371	27911.0000	27900.0000	2
20251219	124915	0.0000	27908.0000	27908.0000	27912.5371	27908.0000	27900.0000	2
20251219	124930	27909.0000	27910.5000	27909.0000	27912.5371	27909.0000	27900.0000	1
20251219	124945	27913.0000	27915.5000	27913.0000	27915.0445	27913.0000	27900.0000	1
20251219	125000	0.0000	27915.5000	27915.5000	27915.0445	27915.5000	27900.0000	2
20251219	125015	27916.0000	27914.0000	27916.0000	27912.5371	27916.0000	27900.0000	1
20251219	125030	0.0000	27921.0000	27921.0000	27917.5520	27921.0000	27900.0000	2
20251219	125045	0.0000	27920.5000	27920.5000	27917.5520	27920.5000	27900.0000	2
20251219	125100	0.0000	27923.5000	27923.5000	27917.5520	27923.5000	27900.0000	2
20251219	125115	0.0000	27918.0000	27918.0000	27917.5520	27918.0000	27900.0000	2
20251219	125130	0.0000	27917.5000	27917.5000	27912.5371	27917.5000	27900.0000	2
20251219	125145	0.0000	27915.0000	27915.0000	27912.5371	27915.0000	27900.0000	2
20251219	125200	0.0000	27912.5000	27912.5000	27912.5371	27912.5000	27900.0000	2
20251219	125215	0.0000	27912.5000	27912.5000	27912.5371	27912.5000	27900.0000	2
20251219	125230	0.0000	27913.5000	27913.5000	27912.5371	27913.5000	27900.0000	2
20251219	125245	0.0000	27913.0000	27913.0000	27912.5371	27913.0000	27900.0000	2
20251219	125300	27903.0000	27905.5000	27903.0000	27910.0297	27903.0000	27900.0000	1
20251219	125315	0.0000	27907.0000	27907.0000	27910.0297	27907.0000	27900.0000	2
20251219	125330	0.0000	27910.5000	27910.5000	27910.0297	27910.5000	27900.0000	2
20251219	125345	0.0000	27906.5000	27906.5000	27910.0297	27906.5000	27900.0000	2
20251219	125400	0.0000	27904.0000	27904.0000	27907.5223	27904.0000	27900.0000	2
20251219	125415	27901.0000	27904.0000	27901.0000	27910.0297	27901.0000	27900.0000	1
20251219	125430	0.0000	27912.0000	27912.0000	27912.5371	27912.0000	27900.0000	2
20251219	125445	0.0000	27912.5000	27912.5000	27912.5371	27912.5000	27900.0000	2
20251219	125500	0.0000	27915.0000	27915.0000	27917.5520	27915.0000	27900.0000	2
20251219	125515	0.0000	27915.0000	27915.0000	27917.5520	27915.0000	27900.0000	2
20251219	125530	0.0000	27913.0000	27913.0000	27912.5371	27913.0000	27900.0000	2
20251219	125545	0.0000	27911.0000	27911.0000	27912.5371	27911.0000	27900.0000	2
20251219	125600	27910.0000	27908.5000	27910.0000	27912.5371	27910.0000	27900.0000	1
20251219	125615	0.0000	27915.5000	27915.5000	27915.0445	27915.5000	27900.0000	2
20251219	125630	0.0000	27919.5000	27919.5000	27917.5520	27919.5000	27900.0000	2
20251219	125645	0.0000	27921.5000	27921.5000	27917.5520	27921.5000	27900.0000	2
20251219	125700	27918.0000	27918.5000	27918.0000	27917.5520	27918.0000	27900.0000	1
20251219	125715	0.0000	27918.5000	27918.5000	27917.5520	27918.5000	27900.0000	2
20251219	125730	0.0000	27919.5000	27919.5000	27917.5520	27919.5000	27900.0000	2
20251219	125745	0.0000	27919.0000	27919.0000	27917.5520	27919.0000	27900.0000	2
20251219	125800	0.0000	27922.5000	27922.5000	27917.5520	27922.5000	27900.0000	2
20251219	125815	0.0000	27923.5000	27923.5000	27920.0594	27923.5000	27900.0000	2
20251219	125830	0.0000	27924.5000	27924.5000	27922.5668	27924.5000	27900.0000	2
20251219	125845	0.0000	27916.5000	27916.5000	27917.5519	27916.5000	27900.0000	2
20251219	125900	0.0000	27915.5000	27915.5000	27917.5519	27915.5000	27900.0000	2
20251219	125915	27914.0000	27910.0000	27910.0000	27912.5371	27910.0000	27900.0000	4
20251219	125930	0.0000	27907.0000	27907.0000	27910.0297	27907.0000	27900.0000	2
20251219	125945	0.0000	27904.5000	27904.5000	27910.0297	27904.5000	27900.0000	2
20251219	130000	0.0000	27906.5000	27906.5000	27910.0297	27906.5000	27900.0000	2
20251219	130015	0.0000	27918.0000	27918.0000	27920.0594	27918.0000	27900.0000	2
20251219	130030	0.0000	27926.5000	27926.5000	27922.5668	27926.5000	27900.0000	2
20251219	130045	0.0000	27918.0000	27918.0000	27920.0594	27918.0000	27900.0000	2
20251219	130100	0.0000	27920.5000	27920.5000	27920.0594	27920.5000	27900.0000	2
20251219	130115	0.0000	27920.5000	27920.5000	27920.0594	27920.5000	27900.0000	2
20251219	130130	0.0000	27922.0000	27922.0000	27920.0594	27922.0000	27900.0000	2
20251219	130145	0.0000	27924.0000	27924.0000	27920.0594	27924.0000	27900.0000	2
20251219	130200	0.0000	27924.0000	27924.0000	27920.0594	27924.0000	27900.0000	2
20251219	130215	0.0000	27930.5000	27930.5000	27927.5816	27930.5000	27900.0000	2
20251219	130230	0.0000	27927.0000	27927.0000	27927.5816	27927.0000	27900.0000	2
20251219	130245	0.0000	27924.0000	27924.0000	27925.0742	27924.0000	27900.0000	2
20251219	130300	0.0000	27923.0000	27923.0000	27922.5668	27923.0000	27900.0000	2
20251219	130315	0.0000	27924.0000	27924.0000	27922.5668	27924.0000	27900.0000	2
20251219	130330	0.0000	27928.5000	27928.5000	27927.5816	27928.5000	27900.0000	2
20251219	130345	0.0000	27930.0000	27930.0000	27927.5816	27930.0000	27900.0000	2
20251219	130400	0.0000	27926.0000	27926.0000	27927.5816	27926.0000	27900.0000	2
20251219	130415	0.0000	27919.0000	27919.0000	27920.0594	27919.0000	27900.0000	2
20251219	130430	27917.0000	27920.5000	27917.0000	27920.0594	27917.0000	27900.0000	1
20251219	130445	0.0000	27918.5000	27918.5000	27920.0594	27918.5000	27900.0000	2
20251219	130500	0.0000	27922.5000	27922.5000	27920.0594	27922.5000	27900.0000	2
20251219	130515	0.0000	27925.0000	27925.0000	27920.0594	27925.0000	27900.0000	2
20251219	130530	0.0000	27924.5000	27924.5000	27920.0594	27924.5000	27900.0000	2
20251219	130545	0.0000	27924.0000	27924.0000	27920.0594	27924.0000	27900.0000	2
20251219	130600	0.0000	27921.0000	27921.0000	27920.0594	27921.0000	27900.0000	2
20251219	130615	27923.0000	27923.0000	27923.0000	27920.0594	27923.0000	27900.0000	1
20251219	130630	0.0000	27929.5000	27929.5000	27930.0890	27929.5000	27900.0000	2
20251219	130645	27926.0000	27930.0000	27930.0000	27930.0890	27930.0000	27900.0000	4
20251219	130700	0.0000	27934.0000	27934.0000	27930.0890	27934.0000	27900.0000	2
20251219	130715	0.0000	27943.5000	27943.5000	27937.6113	27943.5000	27900.0000	2
20251219	130730	0.0000	27942.5000	27942.5000	27937.6113	27942.5000	27900.0000	2
20251219	130745	0.0000	27946.5000	27946.5000	27940.1187	27946.5000	27900.0000	2
20251219	130800	0.0000	27947.0000	27947.0000	27940.1187	27947.0000	27900.0000	2
20251219	130815	0.0000	27944.5000	27944.5000	27937.6113	27944.5000	27900.0000	2
20251219	130830	0.0000	27941.5000	27941.5000	27937.6113	27941.5000	27900.0000	2
20251219	130845	0.0000	27945.0000	27945.0000	27937.6113	27945.0000	27900.0000	2
20251219	130900	27940.0000	27948.0000	27948.0000	27942.6261	27948.0000	27900.0000	4
20251219	130915	27950.0000	27947.5000	27950.0000	27947.6410	27950.0000	27900.0000	1
20251219	130930	0.0000	27949.0000	27949.0000	27947.6410	27949.0000	27900.0000	2
20251219	130945	0.0000	27947.0000	27947.0000	27945.1336	27947.0000	27900.0000	2
20251219	131000	0.0000	27947.0000	27947.0000	27945.1336	27947.0000	27900.0000	2
20251219	131015	0.0000	27949.0000	27949.0000	27947.6410	27949.0000	27900.0000	2
20251219	131030	0.0000	27940.0000	27940.0000	27940.1187	27940.0000	27900.0000	2
20251219	131045	0.0000	27942.0000	27942.0000	27942.6261	27942.0000	27900.0000	2
20251219	131100	0.0000	27943.0000	27943.0000	27942.6261	27943.0000	27900.0000	2
20251219	131115	0.0000	27940.0000	27940.0000	27940.1187	27940.0000	27900.0000	2
20251219	131130	0.0000	27936.5000	27936.5000	27940.1187	27936.5000	27900.0000	2
20251219	131145	0.0000	27939.0000	27939.0000	27940.1187	27939.0000	27900.0000	2
20251219	131200	0.0000	27941.0000	27941.0000	27940.1187	27941.0000	27900.0000	2
20251219	131215	0.0000	27946.0000	27946.0000	27942.6261	27946.0000	27900.0000	2
20251219	131230	0.0000	27947.0000	27947.0000	27945.1336	27947.0000	27900.0000	2
20251219	131245	0.0000	27947.0000	27947.0000	27945.1336	27947.0000	27900.0000	2
20251219	131300	27944.0000	27947.0000	27944.0000	27947.6410	27944.0000	27900.0000	1
20251219	131315	0.0000	27943.5000	27943.5000	27942.6261	27943.5000	27900.0000	2
20251219	131330	0.0000	27942.5000	27942.5000	27942.6261	27942.5000	27900.0000	2
20251219	131345	0.0000	27941.0000	27941.0000	27942.6261	27941.0000	27900.0000	2
20251219	131400	0.0000	27944.0000	27944.0000	27942.6261	27944.0000	27900.0000	2
20251219	131415	0.0000	27941.0000	27941.0000	27942.6261	27941.0000	27900.0000	2
20251219	131430	0.0000	27942.5000	27942.5000	27940.1187	27942.5000	27900.0000	2
20251219	131445	0.0000	27942.5000	27942.5000	27940.1187	27942.5000	27900.0000	2
20251219	131500	0.0000	27944.0000	27944.0000	27940.1187	27944.0000	27900.0000	2
20251219	131515	0.0000	27939.0000	27939.0000	27940.1187	27939.0000	27900.0000	2
20251219	131530	0.0000	27941.5000	27941.5000	27940.1187	27941.5000	27900.0000	2
20251219	131545	0.0000	27943.5000	27943.5000	27940.1187	27943.5000	27900.0000	2
20251219	131600	0.0000	27940.0000	27940.0000	27942.6261	27940.0000	27900.0000	2
20251219	131615	0.0000	27942.0000	27942.0000	27942.6261	27942.0000	27900.0000	2
20251219	131630	0.0000	27942.0000	27942.0000	27942.6261	27942.0000	27900.0000	2
20251219	131645	0.0000	27944.0000	27944.0000	27942.6261	27944.0000	27900.0000	2
20251219	131700	0.0000	27939.5000	27939.5000	27940.1187	27939.5000	27900.0000	2
20251219	131715	0.0000	27939.5000	27939.5000	27940.1187	27939.5000	27900.0000	2
20251219	131730	0.0000	27942.0000	27942.0000	27942.6261	27942.0000	27900.0000	2
20251219	131745	0.0000	27939.5000	27939.5000	27940.1187	27939.5000	27900.0000	2
20251219	131800	0.0000	27943.5000	27943.5000	27940.1187	27943.5000	27900.0000	2
20251219	131815	0.0000	27943.0000	27943.0000	27942.6261	27943.0000	27900.0000	2
20251219	131830	0.0000	27944.0000	27944.0000	27942.6261	27944.0000	27900.0000	2
20251219	131845	0.0000	27945.5000	27945.5000	27945.1336	27945.5000	27900.0000	2
20251219	131900	0.0000	27951.0000	27951.0000	27947.6410	27951.0000	27900.0000	2
20251219	131915	0.0000	27952.5000	27952.5000	27947.6410	27952.5000	27900.0000	2
20251219	131930	0.0000	27952.5000	27952.5000	27952.3590	27952.5000	27900.0000	2
20251219	131945	27955.0000	27957.0000	27955.0000	27952.3590	27955.0000	27900.0000	1
20251219	132000	0.0000	27956.0000	27956.0000	27952.3590	27956.0000	27900.0000	2
20251219	132015	27955.0000	27955.0000	27955.0000	27954.8664	27955.0000	27900.0000	1
20251219	132030	0.0000	27955.5000	27955.5000	27952.3590	27955.5000	27900.0000	2
20251219	132045	0.0000	27957.0000	27957.0000	27954.8664	27957.0000	27900.0000	2
20251219	132100	27959.0000	27956.5000	27959.0000	27954.8664	27959.0000	27900.0000	1
20251219	132115	0.0000	27957.5000	27957.5000	27954.8664	27957.5000	27900.0000	2
20251219	132130	0.0000	27956.5000	27956.5000	27954.8664	27956.5000	27900.0000	2
20251219	132145	27958.0000	27957.5000	27958.0000	27954.8664	27958.0000	27900.0000	1
20251219	132200	0.0000	27956.5000	27956.5000	27954.8664	27956.5000	27900.0000	2
20251219	132215	27960.0000	27955.5000	27955.5000	27954.8664	27955.5000	27900.0000	4
20251219	132230	0.0000	27957.5000	27957.5000	27952.3590	27957.5000	27900.0000	2
20251219	132245	0.0000	27956.0000	27956.0000	27952.3590	27956.0000	27900.0000	2
20251219	132300	27953.0000	27958.5000	27958.5000	27952.3590	27958.5000	27900.0000	4
20251219	132315	0.0000	27959.0000	27959.0000	27952.3590	27959.0000	27900.0000	2
20251219	132330	0.0000	27958.0000	27958.0000	27952.3590	27958.0000	27900.0000	2
20251219	132345	27960.0000	27959.0000	27960.0000	27952.3590	27960.0000	27900.0000	1
20251219	132400	0.0000	27962.0000	27962.0000	27954.8665	27962.0000	27900.0000	2
20251219	132415	27968.0000	27966.0000	27968.0000	27962.3887	27968.0000	27900.0000	1
20251219	132430	0.0000	27968.0000	27968.0000	27964.8961	27968.0000	27900.0000	2
20251219	132445	27967.0000	27970.0000	27970.0000	27967.4035	27970.0000	27900.0000	4
20251219	132500	27971.0000	27971.0000	27971.0000	27967.4035	27971.0000	27900.0000	1
20251219	132515	0.0000	27962.0000	27962.0000	27957.3739	27962.0000	27900.0000	2
20251219	132530	0.0000	27957.0000	27957.0000	27954.8665	27957.0000	27900.0000	2
20251219	132545	0.0000	27960.5000	27960.5000	27954.8665	27960.5000	27900.0000	2
20251219	132600	0.0000	27961.5000	27961.5000	27962.3887	27961.5000	27900.0000	2
20251219	132615	0.0000	27958.0000	27958.0000	27959.8813	27958.0000	27900.0000	2
20251219	132630	0.0000	27955.5000	27955.5000	27957.3739	27955.5000	27900.0000	2
20251219	132645	0.0000	27952.5000	27952.5000	27957.3739	27952.5000	27900.0000	2
20251219	132700	0.0000	27955.0000	27955.0000	27959.8813	27955.0000	27900.0000	2
20251219	132715	0.0000	27953.5000	27953.5000	27954.8665	27953.5000	27900.0000	2
20251219	132730	0.0000	27955.0000	27955.0000	27957.3739	27955.0000	27900.0000	2
20251219	132745	0.0000	27951.5000	27951.5000	27957.3739	27951.5000	27900.0000	2
20251219	132800	0.0000	27948.5000	27948.5000	27949.8516	27948.5000	27900.0000	2
20251219	132815	0.0000	27944.5000	27944.5000	27947.6410	27944.5000	27900.0000	2
20251219	132830	0.0000	27947.0000	27947.0000	27947.6410	27947.0000	27900.0000	2
20251219	132845	27949.0000	27948.5000	27949.0000	27947.6410	27949.0000	27900.0000	1
20251219	132900	0.0000	27947.5000	27947.5000	27947.6410	27947.5000	27900.0000	2
20251219	132915	27944.0000	27944.0000	27944.0000	27947.6410	27944.0000	27900.0000	1
20251219	132930	0.0000	27947.5000	27947.5000	27947.6410	27947.5000	27900.0000	2
20251219	132945	27949.0000	27949.5000	27949.0000	27949.8516	27949.0000	27900.0000	1
20251219	133000	27953.0000	27954.0000	27953.0000	27957.3739	27953.0000	27900.0000	1
20251219	133015	0.0000	27936.5000	27936.5000	27935.1039	27936.5000	27900.0000	2
20251219	133030	27931.0000	27938.0000	27938.0000	27937.6113	27938.0000	27900.0000	4
20251219	133045	0.0000	27929.5000	27929.5000	27930.0890	27929.5000	27900.0000	2
20251219	133100	27931.0000	27928.5000	27931.0000	27930.0890	27931.0000	27900.0000	1
20251219	133115	27930.0000	27930.5000	27930.0000	27927.5816	27930.0000	27900.0000	1
20251219	133130	0.0000	27932.5000	27932.5000	27937.6113	27932.5000	27900.0000	2
20251219	133145	27936.0000	27932.0000	27932.0000	27935.1039	27932.0000	27900.0000	4
20251219	133200	0.0000	27933.0000	27933.0000	27937.6113	27933.0000	27900.0000	2
20251219	133215	0.0000	27931.5000	27931.5000	27932.5964	27931.5000	27900.0000	2
20251219	133230	0.0000	27931.5000	27931.5000	27932.5964	27931.5000	27900.0000	2
20251219	133245	0.0000	27935.5000	27935.5000	27937.6113	27935.5000	27900.0000	2
20251219	133300	0.0000	27934.5000	27934.5000	27937.6113	27934.5000	27900.0000	2
20251219	133315	0.0000	27936.5000	27936.5000	27937.6113	27936.5000	27900.0000	2
20251219	133330	0.0000	27932.5000	27932.5000	27937.6113	27932.5000	27900.0000	2
20251219	133345	0.0000	27937.5000	27937.5000	27937.6113	27937.5000	27900.0000	2
20251219	133400	0.0000	27938.0000	27938.0000	27937.6113	27938.0000	27900.0000	2
20251219	133415	0.0000	27938.0000	27938.0000	27937.6113	27938.0000	27900.0000	2
20251219	133430	27940.0000	27935.5000	27935.5000	27937.6113	27935.5000	27900.0000	4
20251219	133445	0.0000	27934.0000	27934.0000	27937.6113	27934.0000	27900.0000	2
20251219	133500	0.0000	27937.5000	27937.5000	27937.6113	27937.5000	27900.0000	2
20251219	133515	0.0000	27931.0000	27931.0000	27935.1039	27931.0000	27900.0000	2
20251219	133530	0.0000	27930.0000	27930.0000	27937.6113	27930.0000	27900.0000	2
20251219	133545	0.0000	27927.0000	27927.0000	27930.0890	27927.0000	27900.0000	2
20251219	133600	27925.0000	27922.0000	27922.0000	27927.5816	27922.0000	27900.0000	4
20251219	133615	27925.0000	27927.5000	27925.0000	27930.0890	27925.0000	27900.0000	1
20251219	133630	27928.0000	27927.5000	27928.0000	27930.0890	27928.0000	27900.0000	1
20251219	133645	0.0000	27925.5000	27925.5000	27930.0890	27925.5000	27900.0000	2
20251219	133700	0.0000	27925.0000	27925.0000	27930.0890	27925.0000	27900.0000	2
20251219	133715	0.0000	27923.5000	27923.5000	27930.0890	27923.5000	27900.0000	2
20251219	133730	0.0000	27923.5000	27923.5000	27930.0890	27923.5000	27900.0000	2
20251219	133745	0.0000	27925.0000	27925.0000	27930.0890	27925.0000	27900.0000	2
20251219	133800	0.0000	27925.5000	27925.5000	27930.0890	27925.5000	27900.0000	2
20251219	133815	0.0000	27926.0000	27926.0000	27930.0890	27926.0000	27900.0000	2
20251219	133830	27936.0000	27935.0000	27936.0000	27935.1039	27936.0000	27900.0000	1
20251219	133845	0.0000	27934.0000	27934.0000	27932.5964	27934.0000	27900.0000	2
20251219	133900	0.0000	27933.5000	27933.5000	27930.0890	27933.5000	27900.0000	2
20251219	133915	27932.0000	27929.0000	27932.0000	27930.0890	27932.0000	27900.0000	1
20251219	133930	27926.0000	27930.5000	27930.5000	27930.0890	27930.5000	27900.0000	4
20251219	133945	0.0000	27935.0000	27935.0000	27935.1039	27935.0000	27900.0000	2
20251219	134000	0.0000	27936.0000	27936.0000	27935.1039	27936.0000	27900.0000	2
20251219	134015	0.0000	27946.0000	27946.0000	27945.1335	27946.0000	27900.0000	2
20251219	134030	0.0000	27950.5000	27950.5000	27947.6409	27950.5000	27900.0000	2
20251219	134045	27952.0000	27955.0000	27952.0000	27952.3591	27952.0000	27900.0000	1
20251219	134100	27959.0000	27956.5000	27959.0000	27952.3591	27959.0000	27900.0000	1
20251219	134115	27958.0000	27956.5000	27958.0000	27952.3591	27958.0000	27900.0000	1
20251219	134130	27960.0000	27957.5000	27960.0000	27952.3591	27960.0000	27900.0000	1
20251219	134145	27960.0000	27964.0000	27964.0000	27959.8813	27964.0000	27900.0000	4
20251219	134200	27967.0000	27964.5000	27967.0000	27962.3887	27967.0000	27900.0000	1
20251219	134215	27973.0000	27967.0000	27967.0000	27964.8961	27967.0000	27900.0000	4
20251219	134230	0.0000	27969.5000	27969.5000	27964.8961	27969.5000	27900.0000	2
20251219	134245	0.0000	27965.0000	27965.0000	27964.8961	27965.0000	27900.0000	2
20251219	134300	27964.0000	27968.0000	27968.0000	27964.8961	27968.0000	27900.0000	4
20251219	134315	0.0000	27961.5000	27961.5000	27962.3887	27961.5000	27900.0000	2
20251219	134330	0.0000	27958.5000	27958.5000	27957.3739	27958.5000	27900.0000	2
20251219	134345	0.0000	27956.5000	27956.5000	27957.3739	27956.5000	27900.0000	2
20251219	134400	0.0000	27958.0000	27958.0000	27957.3739	27958.0000	27900.0000	2
20251219	134415	0.0000	27961.5000	27961.5000	27957.3739	27961.5000	27900.0000	2
20251219	134430	0.0000	27954.0000	27954.0000	27957.3739	27954.0000	27900.0000	2
20251219	134445	0.0000	27958.5000	27958.5000	27957.3739	27958.5000	27900.0000	2
20251219	134500	27954.0000	27955.5000	27954.0000	27954.8665	27954.0000	27900.0000	1
