date	time	bid	ask	rpt_px	mid
20251203	084515	27822.00	27824.00	27822.00	27823.00
20251203	084530	27814.00	27816.00	27817.00	27815.00
20251203	084545	27816.00	27819.00	27816.00	27817.50
20251203	084600	27816.00	27818.00	27817.00	27817.00
20251203	084615	27821.00	27824.00	27824.00	27822.50
20251203	084630	27820.00	27821.00	27820.00	27820.50
20251203	084645	27813.00	27816.00	27813.00	27814.50
20251203	084700	27819.00	27822.00	27820.00	27820.50
20251203	084715	27826.00	27829.00	27826.00	27827.50
20251203	084730	27828.00	27831.00	27831.00	27829.50
20251203	084745	27828.00	27830.00	27829.00	27829.00
20251203	084800	27833.00	27835.00	27834.00	27834.00
20251203	084815	27841.00	27843.00	27843.00	27842.00
20251203	084830	27840.00	27841.00	27841.00	27840.50
20251203	084845	27838.00	27840.00	27838.00	27839.00
20251203	084900	27840.00	27842.00	27841.00	27841.00
20251203	084915	27841.00	27843.00	27841.00	27842.00
20251203	084930	27839.00	27840.00	27839.00	27839.50
20251203	084945	27845.00	27847.00	27847.00	27846.00
20251203	085000	27840.00	27842.00	27842.00	27841.00
20251203	085015	27840.00	27842.00	27841.00	27841.00
20251203	085030	27839.00	27840.00	27839.00	27839.50
20251203	085045	27841.00	27843.00	27840.00	27842.00
20251203	085100	27840.00	27841.00	27840.00	27840.50
20251203	085115	27838.00	27840.00	27838.00	27839.00
20251203	085130	27832.00	27834.00	27833.00	27833.00
20251203	085145	27830.00	27832.00	27830.00	27831.00
20251203	085200	27826.00	27829.00	27826.00	27827.50
20251203	085215	27829.00	27831.00	27830.00	27830.00
20251203	085230	27835.00	27837.00	27837.00	27836.00
20251203	085245	27837.00	27840.00	27839.00	27838.50
20251203	085300	27843.00	27844.00	27843.00	27843.50
20251203	085315	27843.00	27844.00	27844.00	27843.50
20251203	085330	27840.00	27842.00	27840.00	27841.00
20251203	085345	27838.00	27840.00	27838.00	27839.00
20251203	085400	27839.00	27841.00	27841.00	27840.00
20251203	085415	27838.00	27841.00	27839.00	27839.50
20251203	085430	27838.00	27839.00	27838.00	27838.50
20251203	085445	27837.00	27838.00	27837.00	27837.50
20251203	085500	27837.00	27838.00	27837.00	27837.50
20251203	085515	27833.00	27835.00	27833.00	27834.00
20251203	085530	27827.00	27828.00	27828.00	27827.50
20251203	085545	27831.00	27832.00	27830.00	27831.50
20251203	085600	27823.00	27824.00	27824.00	27823.50
20251203	085615	27818.00	27820.00	27820.00	27819.00
20251203	085630	27814.00	27817.00	27816.00	27815.50
20251203	085645	27811.00	27813.00	27811.00	27812.00
20251203	085700	27809.00	27810.00	27810.00	27809.50
20251203	085715	27815.00	27816.00	27816.00	27815.50
20251203	085730	27816.00	27818.00	27815.00	27817.00
20251203	085745	27812.00	27815.00	27813.00	27813.50
20251203	085800	27813.00	27815.00	27813.00	27814.00
20251203	085815	27808.00	27810.00	27810.00	27809.00
20251203	085830	27812.00	27814.00	27812.00	27813.00
20251203	085845	27812.00	27813.00	27813.00	27812.50
20251203	085900	27808.00	27811.00	27809.00	27809.50
20251203	085915	27805.00	27807.00	27805.00	27806.00
20251203	085930	27809.00	27811.00	27807.00	27810.00
20251203	085945	27810.00	27813.00	27813.00	27811.50
20251203	090000	27815.00	27817.00	27817.00	27816.00
20251203	090015	27824.00	27827.00	27827.00	27825.50
20251203	090030	27825.00	27827.00	27827.00	27826.00
20251203	090045	27829.00	27832.00	27829.00	27830.50
20251203	090100	27831.00	27833.00	27833.00	27832.00
20251203	090115	27835.00	27837.00	27837.00	27836.00
20251203	090130	27839.00	27842.00	27840.00	27840.50
20251203	090145	27847.00	27849.00	27847.00	27848.00
20251203	090200	27847.00	27849.00	27848.00	27848.00
20251203	090215	27845.00	27847.00	27847.00	27846.00
20251203	090230	27849.00	27852.00	27852.00	27850.50
20251203	090245	27845.00	27847.00	27845.00	27846.00
20251203	090300	27840.00	27841.00	27842.00	27840.50
20251203	090315	27834.00	27837.00	27835.00	27835.50
20251203	090330	27835.00	27837.00	27837.00	27836.00
20251203	090345	27830.00	27832.00	27833.00	27831.00
20251203	090400	27822.00	27825.00	27822.00	27823.50
20251203	090415	27829.00	27831.00	27829.00	27830.00
20251203	090430	27830.00	27833.00	27830.00	27831.50
20251203	090445	27824.00	27827.00	27825.00	27825.50
20251203	090500	27823.00	27825.00	27825.00	27824.00
20251203	090515	27825.00	27827.00	27826.00	27826.00
20251203	090530	27816.00	27819.00	27819.00	27817.50
20251203	090545	27816.00	27819.00	27817.00	27817.50
20251203	090600	27812.00	27814.00	27811.00	27813.00
20251203	090615	27813.00	27816.00	27815.00	27814.50
20251203	090630	27807.00	27811.00	27808.00	27809.00
20251203	090645	27807.00	27810.00	27808.00	27808.50
20251203	090700	27806.00	27808.00	27808.00	27807.00
20251203	090715	27792.00	27794.00	27792.00	27793.00
20251203	090730	27792.00	27794.00	27793.00	27793.00
20251203	090745	27791.00	27792.00	27793.00	27791.50
20251203	090800	27801.00	27803.00	27803.00	27802.00
20251203	090815	27794.00	27795.00	27796.00	27794.50
20251203	090830	27794.00	27796.00	27795.00	27795.00
20251203	090845	27796.00	27799.00	27798.00	27797.50
20251203	090900	27800.00	27802.00	27802.00	27801.00
20251203	090915	27800.00	27803.00	27802.00	27801.50
20251203	090930	27788.00	27789.00	27788.00	27788.50
20251203	090945	27788.00	27790.00	27788.00	27789.00
20251203	091000	27791.00	27793.00	27791.00	27792.00
20251203	091015	27794.00	27797.00	27794.00	27795.50
20251203	091030	27804.00	27805.00	27803.00	27804.50
20251203	091045	27810.00	27811.00	27811.00	27810.50
20251203	091100	27809.00	27811.00	27810.00	27810.00
20251203	091115	27813.00	27815.00	27812.00	27814.00
20251203	091130	27807.00	27810.00	27808.00	27808.50
20251203	091145	27805.00	27806.00	27806.00	27805.50
20251203	091200	27817.00	27819.00	27819.00	27818.00
20251203	091215	27812.00	27815.00	27811.00	27813.50
20251203	091230	27812.00	27813.00	27813.00	27812.50
20251203	091245	27812.00	27813.00	27813.00	27812.50
20251203	091300	27807.00	27809.00	27808.00	27808.00
20251203	091315	27805.00	27806.00	27805.00	27805.50
20251203	091330	27793.00	27795.00	27795.00	27794.00
20251203	091345	27786.00	27788.00	27788.00	27787.00
20251203	091400	27778.00	27780.00	27778.00	27779.00
20251203	091415	27785.00	27786.00	27785.00	27785.50
20251203	091430	27787.00	27789.00	27788.00	27788.00
20251203	091445	27785.00	27788.00	27787.00	27786.50
20251203	091500	27787.00	27788.00	27786.00	27787.50
20251203	091515	27780.00	27783.00	27783.00	27781.50
20251203	091530	27788.00	27791.00	27790.00	27789.50
20251203	091545	27785.00	27787.00	27787.00	27786.00
20251203	091600	27784.00	27787.00	27785.00	27785.50
20251203	091615	27787.00	27790.00	27788.00	27788.50
20251203	091630	27789.00	27791.00	27791.00	27790.00
20251203	091645	27781.00	27784.00	27784.00	27782.50
20251203	091700	27783.00	27784.00	27783.00	27783.50
20251203	091715	27787.00	27789.00	27788.00	27788.00
20251203	091730	27781.00	27783.00	27782.00	27782.00
20251203	091745	27782.00	27785.00	27783.00	27783.50
20251203	091800	27778.00	27780.00	27779.00	27779.00
20251203	091815	27779.00	27781.00	27779.00	27780.00
20251203	091830	27777.00	27779.00	27777.00	27778.00
20251203	091845	27777.00	27780.00	27779.00	27778.50
20251203	091900	27781.00	27784.00	27784.00	27782.50
20251203	091915	27773.00	27776.00	27776.00	27774.50
20251203	091930	27783.00	27786.00	27784.00	27784.50
20251203	091945	27787.00	27790.00	27788.00	27788.50
20251203	092000	27793.00	27796.00	27793.00	27794.50
20251203	092015	27797.00	27800.00	27800.00	27798.50
20251203	092030	27802.00	27804.00	27805.00	27803.00
20251203	092045	27800.00	27802.00	27801.00	27801.00
20251203	092100	27798.00	27799.00	27800.00	27798.50
20251203	092115	27788.00	27790.00	27788.00	27789.00
20251203	092130	27790.00	27791.00	27790.00	27790.50
20251203	092145	27785.00	27787.00	27786.00	27786.00
20251203	092200	27778.00	27781.00	27779.00	27779.50
20251203	092215	27772.00	27775.00	27772.00	27773.50
20251203	092230	27785.00	27788.00	27788.00	27786.50
20251203	092245	27775.00	27776.00	27775.00	27775.50
20251203	092300	27781.00	27784.00	27782.00	27782.50
20251203	092315	27797.00	27800.00	27797.00	27798.50
20251203	092330	27796.00	27799.00	27798.00	27797.50
20251203	092345	27786.00	27788.00	27786.00	27787.00
20251203	092400	27791.00	27793.00	27793.00	27792.00
20251203	092415	27789.00	27792.00	27790.00	27790.50
20251203	092430	27793.00	27795.00	27795.00	27794.00
20251203	092445	27791.00	27793.00	27791.00	27792.00
20251203	092500	27779.00	27782.00	27780.00	27780.50
20251203	092515	27787.00	27789.00	27788.00	27788.00
20251203	092530	27779.00	27781.00	27779.00	27780.00
20251203	092545	27775.00	27776.00	27776.00	27775.50
20251203	092600	27775.00	27778.00	27775.00	27776.50
20251203	092615	27771.00	27774.00	27773.00	27772.50
20251203	092630	27777.00	27778.00	27777.00	27777.50
20251203	092645	27770.00	27772.00	27773.00	27771.00
20251203	092700	27771.00	27774.00	27771.00	27772.50
20251203	092715	27772.00	27775.00	27774.00	27773.50
20251203	092730	27780.00	27782.00	27780.00	27781.00
20251203	092745	27780.00	27782.00	27779.00	27781.00
20251203	092800	27779.00	27782.00	27782.00	27780.50
20251203	092815	27784.00	27786.00	27785.00	27785.00
20251203	092830	27780.00	27782.00	27781.00	27781.00
20251203	092845	27776.00	27778.00	27776.00	27777.00
20251203	092900	27779.00	27780.00	27779.00	27779.50
20251203	092915	27782.00	27785.00	27785.00	27783.50
20251203	092930	27785.00	27788.00	27787.00	27786.50
20251203	092945	27788.00	27791.00	27790.00	27789.50
20251203	093000	27788.00	27791.00	27790.00	27789.50
20251203	093015	27787.00	27790.00	27788.00	27788.50
20251203	093030	27796.00	27799.00	27796.00	27797.50
20251203	093045	27794.00	27796.00	27794.00	27795.00
20251203	093100	27796.00	27799.00	27798.00	27797.50
20251203	093115	27796.00	27798.00	27797.00	27797.00
20251203	093130	27801.00	27803.00	27802.00	27802.00
20251203	093145	27796.00	27799.00	27798.00	27797.50
20251203	093200	27798.00	27800.00	27800.00	27799.00
20251203	093215	27800.00	27802.00	27802.00	27801.00
20251203	093230	27810.00	27812.00	27812.00	27811.00
20251203	093245	27817.00	27818.00	27817.00	27817.50
20251203	093300	27820.00	27822.00	27822.00	27821.00
20251203	093315	27821.00	27823.00	27821.00	27822.00
20251203	093330	27824.00	27825.00	27822.00	27824.50
20251203	093345	27831.00	27832.00	27831.00	27831.50
20251203	093400	27816.00	27817.00	27818.00	27816.50
20251203	093415	27822.00	27825.00	27825.00	27823.50
20251203	093430	27829.00	27830.00	27829.00	27829.50
20251203	093445	27822.00	27825.00	27824.00	27823.50
20251203	093500	27822.00	27825.00	27825.00	27823.50
20251203	093515	27836.00	27837.00	27837.00	27836.50
20251203	093530	27827.00	27830.00	27828.00	27828.50
20251203	093545	27832.00	27833.00	27831.00	27832.50
20251203	093600	27835.00	27838.00	27834.00	27836.50
20251203	093615	27835.00	27837.00	27836.00	27836.00
20251203	093630	27830.00	27832.00	27833.00	27831.00
20251203	093645	27827.00	27829.00	27830.00	27828.00
20251203	093700	27831.00	27833.00	27833.00	27832.00
20251203	093715	27837.00	27839.00	27838.00	27838.00
20251203	093730	27838.00	27840.00	27839.00	27839.00
20251203	093745	27830.00	27833.00	27831.00	27831.50
20251203	093800	27827.00	27829.00	27828.00	27828.00
20251203	093815	27835.00	27836.00	27834.00	27835.50
20251203	093830	27833.00	27835.00	27834.00	27834.00
20251203	093845	27827.00	27829.00	27828.00	27828.00
20251203	093900	27827.00	27828.00	27828.00	27827.50
20251203	093915	27824.00	27827.00	27824.00	27825.50
20251203	093930	27820.00	27823.00	27820.00	27821.50
20251203	093945	27818.00	27819.00	27820.00	27818.50
20251203	094000	27817.00	27819.00	27817.00	27818.00
20251203	094015	27814.00	27816.00	27813.00	27815.00
20251203	094030	27811.00	27812.00	27810.00	27811.50
20251203	094045	27814.00	27816.00	27814.00	27815.00
20251203	094100	27811.00	27813.00	27814.00	27812.00
20251203	094115	27804.00	27807.00	27804.00	27805.50
20251203	094130	27807.00	27810.00	27809.00	27808.50
20251203	094145	27813.00	27816.00	27814.00	27814.50
20251203	094200	27806.00	27808.00	27808.00	27807.00
20251203	094215	27807.00	27809.00	27808.00	27808.00
20251203	094230	27801.00	27803.00	27802.00	27802.00
20251203	094245	27806.00	27807.00	27805.00	27806.50
20251203	094300	27810.00	27812.00	27811.00	27811.00
20251203	094315	27816.00	27817.00	27818.00	27816.50
20251203	094330	27821.00	27824.00	27824.00	27822.50
20251203	094345	27816.00	27818.00	27816.00	27817.00
20251203	094400	27816.00	27819.00	27818.00	27817.50
20251203	094415	27817.00	27819.00	27818.00	27818.00
20251203	094430	27811.00	27813.00	27812.00	27812.00
20251203	094445	27812.00	27814.00	27812.00	27813.00
20251203	094500	27809.00	27811.00	27810.00	27810.00
20251203	094515	27814.00	27817.00	27815.00	27815.50
20251203	094530	27813.00	27816.00	27814.00	27814.50
20251203	094545	27810.00	27813.00	27812.00	27811.50
20251203	094600	27805.00	27808.00	27805.00	27806.50
20251203	094615	27810.00	27812.00	27811.00	27811.00
20251203	094630	27809.00	27812.00	27810.00	27810.50
20251203	094645	27807.00	27810.00	27808.00	27808.50
20251203	094700	27802.00	27805.00	27802.00	27803.50
20251203	094715	27803.00	27804.00	27803.00	27803.50
20251203	094730	27801.00	27803.00	27802.00	27802.00
20251203	094745	27791.00	27793.00	27791.00	27792.00
20251203	094800	27793.00	27796.00	27794.00	27794.50
20251203	094815	27795.00	27798.00	27796.00	27796.50
20251203	094830	27791.00	27794.00	27792.00	27792.50
20251203	094845	27803.00	27804.00	27804.00	27803.50
20251203	094900	27794.00	27795.00	27795.00	27794.50
20251203	094915	27794.00	27797.00	27797.00	27795.50
20251203	094930	27796.00	27799.00	27798.00	27797.50
20251203	094945	27796.00	27799.00	27796.00	27797.50
20251203	095000	27797.00	27799.00	27798.00	27798.00
20251203	095015	27798.00	27801.00	27798.00	27799.50
20251203	095030	27796.00	27798.00	27797.00	27797.00
20251203	095045	27793.00	27796.00	27795.00	27794.50
20251203	095100	27799.00	27802.00	27801.00	27800.50
20251203	095115	27800.00	27802.00	27801.00	27801.00
20251203	095130	27797.00	27799.00	27799.00	27798.00
20251203	095145	27801.00	27804.00	27802.00	27802.50
20251203	095200	27801.00	27804.00	27802.00	27802.50
20251203	095215	27804.00	27807.00	27805.00	27805.50
20251203	095230	27805.00	27807.00	27804.00	27806.00
20251203	095245	27800.00	27803.00	27803.00	27801.50
20251203	095300	27800.00	27803.00	27803.00	27801.50
20251203	095315	27801.00	27804.00	27803.00	27802.50
20251203	095330	27801.00	27803.00	27800.00	27802.00
20251203	095345	27802.00	27805.00	27804.00	27803.50
20251203	095400	27803.00	27806.00	27806.00	27804.50
20251203	095415	27795.00	27797.00	27797.00	27796.00
20251203	095430	27793.00	27796.00	27796.00	27794.50
20251203	095445	27789.00	27790.00	27789.00	27789.50
20251203	095500	27788.00	27791.00	27788.00	27789.50
20251203	095515	27788.00	27790.00	27789.00	27789.00
20251203	095530	27792.00	27794.00	27792.00	27793.00
20251203	095545	27791.00	27794.00	27791.00	27792.50
20251203	095600	27793.00	27795.00	27795.00	27794.00
20251203	095615	27793.00	27796.00	27793.00	27794.50
20251203	095630	27792.00	27794.00	27793.00	27793.00
20251203	095645	27790.00	27793.00	27792.00	27791.50
20251203	095700	27784.00	27787.00	27786.00	27785.50
20251203	095715	27783.00	27785.00	27785.00	27784.00
20251203	095730	27778.00	27780.00	27780.00	27779.00
20251203	095745	27771.00	27773.00	27772.00	27772.00
20251203	095800	27774.00	27777.00	27776.00	27775.50
20251203	095815	27778.00	27780.00	27780.00	27779.00
20251203	095830	27781.00	27783.00	27782.00	27782.00
20251203	095845	27792.00	27793.00	27791.00	27792.50
20251203	095900	27787.00	27790.00	27788.00	27788.50
20251203	095915	27797.00	27800.00	27800.00	27798.50
20251203	095930	27798.00	27801.00	27800.00	27799.50
20251203	095945	27798.00	27800.00	27799.00	27799.00
20251203	100000	27798.00	27800.00	27797.00	27799.00
20251203	100015	27797.00	27800.00	27798.00	27798.50
20251203	100030	27796.00	27799.00	27799.00	27797.50
20251203	100045	27801.00	27803.00	27802.00	27802.00
20251203	100100	27796.00	27799.00	27797.00	27797.50
20251203	100115	27799.00	27802.00	27802.00	27800.50
20251203	100130	27803.00	27804.00	27803.00	27803.50
20251203	100145	27796.00	27799.00	27797.00	27797.50
20251203	100200	27796.00	27798.00	27798.00	27797.00
20251203	100215	27796.00	27799.00	27797.00	27797.50
20251203	100230	27798.00	27801.00	27800.00	27799.50
20251203	100245	27790.00	27793.00	27792.00	27791.50
20251203	100300	27790.00	27793.00	27790.00	27791.50
20251203	100315	27786.00	27789.00	27787.00	27787.50
20251203	100330	27786.00	27787.00	27785.00	27786.50
20251203	100345	27783.00	27786.00	27784.00	27784.50
20251203	100400	27783.00	27785.00	27784.00	27784.00
20251203	100415	27778.00	27781.00	27781.00	27779.50
20251203	100430	27780.00	27782.00	27780.00	27781.00
20251203	100445	27780.00	27782.00	27780.00	27781.00
20251203	100500	27777.00	27780.00	27780.00	27778.50
20251203	100515	27769.00	27772.00	27771.00	27770.50
20251203	100530	27768.00	27771.00	27771.00	27769.50
20251203	100545	27770.00	27771.00	27770.00	27770.50
20251203	100600	27768.00	27769.00	27769.00	27768.50
20251203	100615	27764.00	27766.00	27765.00	27765.00
20251203	100630	27775.00	27777.00	27775.00	27776.00
20251203	100645	27777.00	27780.00	27778.00	27778.50
20251203	100700	27777.00	27780.00	27780.00	27778.50
20251203	100715	27777.00	27779.00	27777.00	27778.00
20251203	100730	27780.00	27782.00	27781.00	27781.00
20251203	100745	27781.00	27783.00	27783.00	27782.00
20251203	100800	27785.00	27787.00	27786.00	27786.00
20251203	100815	27784.00	27786.00	27785.00	27785.00
20251203	100830	27785.00	27787.00	27786.00	27786.00
20251203	100845	27786.00	27787.00	27787.00	27786.50
20251203	100900	27795.00	27797.00	27797.00	27796.00
20251203	100915	27797.00	27799.00	27798.00	27798.00
20251203	100930	27791.00	27794.00	27795.00	27792.50
20251203	100945	27792.00	27794.00	27794.00	27793.00
20251203	101000	27790.00	27792.00	27790.00	27791.00
20251203	101015	27796.00	27799.00	27797.00	27797.50
20251203	101030	27797.00	27800.00	27799.00	27798.50
20251203	101045	27801.00	27804.00	27801.00	27802.50
20251203	101100	27798.00	27799.00	27797.00	27798.50
20251203	101115	27800.00	27802.00	27801.00	27801.00
20251203	101130	27799.00	27801.00	27800.00	27800.00
20251203	101145	27795.00	27797.00	27797.00	27796.00
20251203	101200	27795.00	27797.00	27797.00	27796.00
20251203	101215	27801.00	27804.00	27804.00	27802.50
20251203	101230	27805.00	27807.00	27808.00	27806.00
20251203	101245	27806.00	27808.00	27806.00	27807.00
20251203	101300	27816.00	27818.00	27816.00	27817.00
20251203	101315	27832.00	27835.00	27833.00	27833.50
20251203	101330	27846.00	27848.00	27848.00	27847.00
20251203	101345	27869.00	27871.00	27870.00	27870.00
20251203	101400	27867.00	27870.00	27868.00	27868.50
20251203	101415	27867.00	27869.00	27867.00	27868.00
20251203	101430	27863.00	27865.00	27865.00	27864.00
20251203	101445	27860.00	27862.00	27862.00	27861.00
20251203	101500	27861.00	27862.00	27862.00	27861.50
20251203	101515	27876.00	27878.00	27878.00	27877.00
20251203	101530	27872.00	27873.00	27872.00	27872.50
20251203	101545	27872.00	27874.00	27874.00	27873.00
20251203	101600	27876.00	27878.00	27877.00	27877.00
20251203	101615	27882.00	27883.00	27881.00	27882.50
20251203	101630	27873.00	27874.00	27874.00	27873.50
20251203	101645	27876.00	27877.00	27876.00	27876.50
20251203	101700	27880.00	27882.00	27880.00	27881.00
20251203	101715	27875.00	27878.00	27875.00	27876.50
20251203	101730	27875.00	27877.00	27873.00	27876.00
20251203	101745	27881.00	27882.00	27881.00	27881.50
20251203	101800	27882.00	27884.00	27883.00	27883.00
20251203	101815	27878.00	27880.00	27880.00	27879.00
20251203	101830	27878.00	27880.00	27879.00	27879.00
20251203	101845	27873.00	27875.00	27873.00	27874.00
20251203	101900	27872.00	27874.00	27872.00	27873.00
20251203	101915	27874.00	27876.00	27874.00	27875.00
20251203	101930	27872.00	27874.00	27873.00	27873.00
20251203	101945	27869.00	27871.00	27871.00	27870.00
20251203	102000	27872.00	27874.00	27874.00	27873.00
20251203	102015	27872.00	27874.00	27873.00	27873.00
20251203	102030	27867.00	27869.00	27868.00	27868.00
20251203	102045	27856.00	27858.00	27856.00	27857.00
20251203	102100	27855.00	27858.00	27857.00	27856.50
20251203	102115	27860.00	27862.00	27860.00	27861.00
20251203	102130	27861.00	27863.00	27861.00	27862.00
20251203	102145	27859.00	27862.00	27862.00	27860.50
20251203	102200	27856.00	27859.00	27858.00	27857.50
20251203	102215	27846.00	27849.00	27845.00	27847.50
20251203	102230	27848.00	27850.00	27850.00	27849.00
20251203	102245	27845.00	27848.00	27845.00	27846.50
20251203	102300	27840.00	27842.00	27840.00	27841.00
20251203	102315	27843.00	27846.00	27846.00	27844.50
20251203	102330	27849.00	27852.00	27849.00	27850.50
20251203	102345	27854.00	27855.00	27854.00	27854.50
20251203	102400	27849.00	27851.00	27850.00	27850.00
20251203	102415	27843.00	27845.00	27844.00	27844.00
20251203	102430	27847.00	27848.00	27849.00	27847.50
20251203	102445	27851.00	27853.00	27852.00	27852.00
20251203	102500	27854.00	27856.00	27855.00	27855.00
20251203	102515	27857.00	27858.00	27860.00	27857.50
20251203	102530	27857.00	27859.00	27857.00	27858.00
20251203	102545	27856.00	27858.00	27858.00	27857.00
20251203	102600	27854.00	27856.00	27854.00	27855.00
20251203	102615	27860.00	27862.00	27861.00	27861.00
20251203	102630	27866.00	27867.00	27866.00	27866.50
20251203	102645	27865.00	27867.00	27867.00	27866.00
20251203	102700	27862.00	27865.00	27864.00	27863.50
20251203	102715	27863.00	27864.00	27864.00	27863.50
20251203	102730	27861.00	27863.00	27862.00	27862.00
20251203	102745	27857.00	27858.00	27858.00	27857.50
20251203	102800	27853.00	27855.00	27855.00	27854.00
20251203	102815	27862.00	27864.00	27861.00	27863.00
20251203	102830	27859.00	27860.00	27861.00	27859.50
20251203	102845	27860.00	27863.00	27861.00	27861.50
20251203	102900	27856.00	27858.00	27858.00	27857.00
20251203	102915	27859.00	27860.00	27858.00	27859.50
20251203	102930	27855.00	27858.00	27856.00	27856.50
20251203	102945	27853.00	27856.00	27856.00	27854.50
20251203	103000	27858.00	27860.00	27858.00	27859.00
20251203	103015	27860.00	27863.00	27862.00	27861.50
20251203	103030	27861.00	27862.00	27861.00	27861.50
20251203	103045	27846.00	27849.00	27849.00	27847.50
20251203	103100	27818.00	27820.00	27818.00	27819.00
20251203	103115	27777.00	27779.00	27778.00	27778.00
20251203	103130	27780.00	27782.00	27781.00	27781.00
20251203	103145	27758.00	27761.00	27760.00	27759.50
20251203	103200	27742.00	27743.00	27742.00	27742.50
20251203	103215	27745.00	27747.00	27747.00	27746.00
20251203	103230	27751.00	27754.00	27753.00	27752.50
20251203	103245	27752.00	27754.00	27754.00	27753.00
20251203	103300	27737.00	27739.00	27739.00	27738.00
20251203	103315	27723.00	27726.00	27726.00	27724.50
20251203	103330	27738.00	27739.00	27740.00	27738.50
20251203	103345	27742.00	27745.00	27743.00	27743.50
20251203	103400	27747.00	27750.00	27750.00	27748.50
20251203	103415	27753.00	27755.00	27755.00	27754.00
20251203	103430	27757.00	27760.00	27757.00	27758.50
20251203	103445	27751.00	27753.00	27752.00	27752.00
20251203	103500	27757.00	27759.00	27757.00	27758.00
20251203	103515	27758.00	27760.00	27758.00	27759.00
20251203	103530	27752.00	27754.00	27754.00	27753.00
20251203	103545	27751.00	27754.00	27753.00	27752.50
20251203	103600	27760.00	27762.00	27761.00	27761.00
20251203	103615	27766.00	27768.00	27767.00	27767.00
20251203	103630	27766.00	27768.00	27767.00	27767.00
20251203	103645	27763.00	27765.00	27763.00	27764.00
20251203	103700	27771.00	27772.00	27771.00	27771.50
20251203	103715	27766.00	27768.00	27767.00	27767.00
20251203	103730	27764.00	27765.00	27765.00	27764.50
20251203	103745	27765.00	27766.00	27764.00	27765.50
20251203	103800	27766.00	27769.00	27767.00	27767.50
20251203	103815	27767.00	27769.00	27768.00	27768.00
20251203	103830	27769.00	27771.00	27770.00	27770.00
20251203	103845	27775.00	27778.00	27777.00	27776.50
20251203	103900	27780.00	27782.00	27781.00	27781.00
20251203	103915	27780.00	27782.00	27780.00	27781.00
20251203	103930	27782.00	27784.00	27782.00	27783.00
20251203	103945	27776.00	27779.00	27777.00	27777.50
20251203	104000	27782.00	27785.00	27783.00	27783.50
20251203	104015	27772.00	27775.00	27775.00	27773.50
20251203	104030	27776.00	27779.00	27776.00	27777.50
20251203	104045	27776.00	27779.00	27777.00	27777.50
20251203	104100	27770.00	27772.00	27771.00	27771.00
20251203	104115	27766.00	27768.00	27768.00	27767.00
20251203	104130	27768.00	27770.00	27769.00	27769.00
20251203	104145	27768.00	27769.00	27768.00	27768.50
20251203	104200	27767.00	27769.00	27768.00	27768.00
20251203	104215	27767.00	27769.00	27768.00	27768.00
20251203	104230	27762.00	27765.00	27763.00	27763.50
20251203	104245	27767.00	27770.00	27765.00	27768.50
20251203	104300	27768.00	27771.00	27770.00	27769.50
20251203	104315	27772.00	27773.00	27775.00	27772.50
20251203	104330	27773.00	27776.00	27775.00	27774.50
20251203	104345	27774.00	27776.00	27774.00	27775.00
20251203	104400	27772.00	27774.00	27775.00	27773.00
20251203	104415	27767.00	27770.00	27770.00	27768.50
20251203	104430	27768.00	27771.00	27770.00	27769.50
20251203	104445	27767.00	27770.00	27769.00	27768.50
20251203	104500	27769.00	27772.00	27770.00	27770.50
20251203	104515	27753.00	27755.00	27752.00	27754.00
20251203	104530	27754.00	27755.00	27756.00	27754.50
20251203	104545	27747.00	27749.00	27747.00	27748.00
20251203	104600	27749.00	27752.00	27749.00	27750.50
20251203	104615	27752.00	27755.00	27755.00	27753.50
20251203	104630	27755.00	27758.00	27756.00	27756.50
20251203	104645	27757.00	27759.00	27760.00	27758.00
20251203	104700	27752.00	27755.00	27752.00	27753.50
20251203	104715	27758.00	27761.00	27759.00	27759.50
20251203	104730	27765.00	27768.00	27768.00	27766.50
20251203	104745	27769.00	27770.00	27770.00	27769.50
20251203	104800	27766.00	27769.00	27766.00	27767.50
20251203	104815	27766.00	27769.00	27768.00	27767.50
20251203	104830	27762.00	27765.00	27764.00	27763.50
20251203	104845	27764.00	27767.00	27768.00	27765.50
20251203	104900	27754.00	27757.00	27757.00	27755.50
20251203	104915	27750.00	27751.00	27750.00	27750.50
20251203	104930	27751.00	27754.00	27754.00	27752.50
20251203	104945	27745.00	27748.00	27745.00	27746.50
20251203	105000	27742.00	27743.00	27742.00	27742.50
20251203	105015	27723.00	27726.00	27724.00	27724.50
20251203	105030	27719.00	27721.00	27719.00	27720.00
20251203	105045	27736.00	27738.00	27738.00	27737.00
20251203	105100	27743.00	27745.00	27744.00	27744.00
20251203	105115	27732.00	27734.00	27733.00	27733.00
20251203	105130	27731.00	27732.00	27732.00	27731.50
20251203	105145	27737.00	27740.00	27740.00	27738.50
20251203	105200	27739.00	27742.00	27742.00	27740.50
20251203	105215	27740.00	27742.00	27742.00	27741.00
20251203	105230	27739.00	27741.00	27740.00	27740.00
20251203	105245	27734.00	27737.00	27735.00	27735.50
20251203	105300	27742.00	27745.00	27744.00	27743.50
20251203	105315	27744.00	27747.00	27745.00	27745.50
20251203	105330	27742.00	27745.00	27740.00	27743.50
20251203	105345	27737.00	27738.00	27739.00	27737.50
20251203	105400	27735.00	27736.00	27735.00	27735.50
20251203	105415	27733.00	27735.00	27735.00	27734.00
20251203	105430	27729.00	27732.00	27730.00	27730.50
20251203	105445	27728.00	27730.00	27730.00	27729.00
20251203	105500	27728.00	27731.00	27730.00	27729.50
20251203	105515	27726.00	27728.00	27726.00	27727.00
20251203	105530	27722.00	27724.00	27723.00	27723.00
20251203	105545	27722.00	27724.00	27724.00	27723.00
20251203	105600	27726.00	27728.00	27726.00	27727.00
20251203	105615	27727.00	27729.00	27727.00	27728.00
20251203	105630	27730.00	27732.00	27731.00	27731.00
20251203	105645	27732.00	27733.00	27732.00	27732.50
20251203	105700	27729.00	27731.00	27730.00	27730.00
20251203	105715	27732.00	27735.00	27733.00	27733.50
20251203	105730	27735.00	27738.00	27739.00	27736.50
20251203	105745	27733.00	27736.00	27738.00	27734.50
20251203	105800	27735.00	27738.00	27736.00	27736.50
20251203	105815	27734.00	27737.00	27736.00	27735.50
20251203	105830	27736.00	27738.00	27736.00	27737.00
20251203	105845	27731.00	27734.00	27730.00	27732.50
20251203	105900	27726.00	27729.00	27728.00	27727.50
20251203	105915	27728.00	27731.00	27729.00	27729.50
20251203	105930	27734.00	27736.00	27735.00	27735.00
20251203	105945	27735.00	27736.00	27738.00	27735.50
20251203	110000	27737.00	27740.00	27738.00	27738.50
20251203	110015	27726.00	27728.00	27728.00	27727.00
20251203	110030	27732.00	27735.00	27733.00	27733.50
20251203	110045	27730.00	27733.00	27732.00	27731.50
20251203	110100	27736.00	27738.00	27737.00	27737.00
20251203	110115	27734.00	27736.00	27736.00	27735.00
20251203	110130	27736.00	27739.00	27737.00	27737.50
20251203	110145	27740.00	27742.00	27742.00	27741.00
20251203	110200	27732.00	27735.00	27735.00	27733.50
20251203	110215	27735.00	27737.00	27737.00	27736.00
20251203	110230	27737.00	27739.00	27739.00	27738.00
20251203	110245	27735.00	27737.00	27736.00	27736.00
20251203	110300	27728.00	27731.00	27729.00	27729.50
20251203	110315	27725.00	27728.00	27726.00	27726.50
20251203	110330	27714.00	27716.00	27716.00	27715.00
20251203	110345	27706.00	27707.00	27705.00	27706.50
20251203	110400	27708.00	27710.00	27711.00	27709.00
20251203	110415	27710.00	27712.00	27712.00	27711.00
20251203	110430	27702.00	27704.00	27703.00	27703.00
20251203	110445	27702.00	27704.00	27703.00	27703.00
20251203	110500	27706.00	27708.00	27706.00	27707.00
20251203	110515	27696.00	27699.00	27698.00	27697.50
20251203	110530	27695.00	27698.00	27697.00	27696.50
20251203	110545	27693.00	27695.00	27693.00	27694.00
20251203	110600	27698.00	27700.00	27700.00	27699.00
20251203	110615	27703.00	27704.00	27704.00	27703.50
20251203	110630	27710.00	27711.00	27712.00	27710.50
20251203	110645	27712.00	27715.00	27714.00	27713.50
20251203	110700	27712.00	27715.00	27715.00	27713.50
20251203	110715	27713.00	27714.00	27713.00	27713.50
20251203	110730	27717.00	27719.00	27718.00	27718.00
20251203	110745	27711.00	27714.00	27711.00	27712.50
20251203	110800	27706.00	27708.00	27708.00	27707.00
20251203	110815	27710.00	27713.00	27710.00	27711.50
20251203	110830	27718.00	27720.00	27719.00	27719.00
20251203	110845	27720.00	27723.00	27721.00	27721.50
20251203	110900	27721.00	27724.00	27723.00	27722.50
20251203	110915	27722.00	27725.00	27722.00	27723.50
20251203	110930	27725.00	27727.00	27725.00	27726.00
20251203	110945	27720.00	27723.00	27722.00	27721.50
20251203	111000	27723.00	27724.00	27724.00	27723.50
20251203	111015	27718.00	27721.00	27721.00	27719.50
20251203	111030	27719.00	27721.00	27720.00	27720.00
20251203	111045	27720.00	27723.00	27722.00	27721.50
20251203	111100	27731.00	27732.00	27734.00	27731.50
20251203	111115	27733.00	27735.00	27735.00	27734.00
20251203	111130	27739.00	27741.00	27739.00	27740.00
20251203	111145	27731.00	27733.00	27732.00	27732.00
20251203	111200	27737.00	27740.00	27740.00	27738.50
20251203	111215	27739.00	27740.00	27740.00	27739.50
20251203	111230	27738.00	27741.00	27740.00	27739.50
20251203	111245	27741.00	27742.00	27742.00	27741.50
20251203	111300	27743.00	27745.00	27744.00	27744.00
20251203	111315	27743.00	27745.00	27744.00	27744.00
20251203	111330	27740.00	27742.00	27740.00	27741.00
20251203	111345	27735.00	27738.00	27736.00	27736.50
20251203	111400	27737.00	27740.00	27740.00	27738.50
20251203	111415	27734.00	27736.00	27736.00	27735.00
20251203	111430	27727.00	27728.00	27728.00	27727.50
20251203	111445	27724.00	27726.00	27725.00	27725.00
20251203	111500	27726.00	27729.00	27728.00	27727.50
20251203	111515	27725.00	27726.00	27725.00	27725.50
20251203	111530	27731.00	27733.00	27733.00	27732.00
20251203	111545	27731.00	27734.00	27734.00	27732.50
20251203	111600	27734.00	27736.00	27735.00	27735.00
20251203	111615	27735.00	27738.00	27737.00	27736.50
20251203	111630	27737.00	27739.00	27739.00	27738.00
20251203	111645	27734.00	27737.00	27733.00	27735.50
20251203	111700	27736.00	27738.00	27737.00	27737.00
20251203	111715	27735.00	27738.00	27737.00	27736.50
20251203	111730	27744.00	27745.00	27744.00	27744.50
20251203	111745	27753.00	27756.00	27754.00	27754.50
20251203	111800	27755.00	27757.00	27755.00	27756.00
20251203	111815	27761.00	27763.00	27763.00	27762.00
20251203	111830	27757.00	27758.00	27758.00	27757.50
20251203	111845	27757.00	27759.00	27756.00	27758.00
20251203	111900	27757.00	27758.00	27758.00	27757.50
20251203	111915	27748.00	27750.00	27748.00	27749.00
20251203	111930	27750.00	27752.00	27749.00	27751.00
20251203	111945	27748.00	27750.00	27747.00	27749.00
20251203	112000	27752.00	27753.00	27752.00	27752.50
20251203	112015	27748.00	27750.00	27747.00	27749.00
20251203	112030	27747.00	27749.00	27747.00	27748.00
20251203	112045	27747.00	27750.00	27748.00	27748.50
20251203	112100	27742.00	27744.00	27744.00	27743.00
20251203	112115	27744.00	27747.00	27746.00	27745.50
20251203	112130	27745.00	27748.00	27746.00	27746.50
20251203	112145	27741.00	27743.00	27743.00	27742.00
20251203	112200	27739.00	27741.00	27741.00	27740.00
20251203	112215	27734.00	27737.00	27734.00	27735.50
20251203	112230	27731.00	27734.00	27732.00	27732.50
20251203	112245	27734.00	27736.00	27735.00	27735.00
20251203	112300	27732.00	27734.00	27734.00	27733.00
20251203	112315	27726.00	27729.00	27728.00	27727.50
20251203	112330	27725.00	27727.00	27725.00	27726.00
20251203	112345	27726.00	27729.00	27728.00	27727.50
20251203	112400	27730.00	27732.00	27731.00	27731.00
20251203	112415	27733.00	27735.00	27733.00	27734.00
20251203	112430	27731.00	27734.00	27734.00	27732.50
20251203	112445	27730.00	27732.00	27730.00	27731.00
20251203	112500	27731.00	27733.00	27733.00	27732.00
20251203	112515	27734.00	27736.00	27734.00	27735.00
20251203	112530	27735.00	27736.00	27735.00	27735.50
20251203	112545	27739.00	27740.00	27740.00	27739.50
20251203	112600	27743.00	27744.00	27743.00	27743.50
20251203	112615	27744.00	27745.00	27744.00	27744.50
20251203	112630	27746.00	27748.00	27748.00	27747.00
20251203	112645	27744.00	27747.00	27745.00	27745.50
20251203	112700	27740.00	27741.00	27740.00	27740.50
20251203	112715	27740.00	27741.00	27740.00	27740.50
20251203	112730	27744.00	27745.00	27744.00	27744.50
20251203	112745	27743.00	27745.00	27745.00	27744.00
20251203	112800	27740.00	27742.00	27741.00	27741.00
20251203	112815	27733.00	27736.00	27734.00	27734.50
20251203	112830	27720.00	27723.00	27721.00	27721.50
20251203	112845	27726.00	27728.00	27726.00	27727.00
20251203	112900	27728.00	27731.00	27729.00	27729.50
20251203	112915	27728.00	27730.00	27730.00	27729.00
20251203	112930	27728.00	27730.00	27728.00	27729.00
20251203	112945	27731.00	27733.00	27732.00	27732.00
20251203	113000	27739.00	27740.00	27741.00	27739.50
20251203	113015	27742.00	27743.00	27742.00	27742.50
20251203	113030	27738.00	27741.00	27740.00	27739.50
20251203	113045	27742.00	27743.00	27742.00	27742.50
20251203	113100	27743.00	27745.00	27744.00	27744.00
20251203	113115	27741.00	27744.00	27743.00	27742.50
20251203	113130	27738.00	27740.00	27741.00	27739.00
20251203	113145	27740.00	27742.00	27741.00	27741.00
20251203	113200	27738.00	27741.00	27740.00	27739.50
20251203	113215	27738.00	27740.00	27741.00	27739.00
20251203	113230	27739.00	27742.00	27741.00	27740.50
20251203	113245	27747.00	27750.00	27747.00	27748.50
20251203	113300	27746.00	27749.00	27748.00	27747.50
20251203	113315	27747.00	27749.00	27749.00	27748.00
20251203	113330	27745.00	27747.00	27747.00	27746.00
20251203	113345	27746.00	27747.00	27747.00	27746.50
20251203	113400	27748.00	27750.00	27750.00	27749.00
20251203	113415	27749.00	27750.00	27750.00	27749.50
20251203	113430	27748.00	27750.00	27749.00	27749.00
20251203	113445	27752.00	27754.00	27754.00	27753.00
20251203	113500	27757.00	27760.00	27757.00	27758.50
20251203	113515	27759.00	27760.00	27760.00	27759.50
20251203	113530	27760.00	27761.00	27761.00	27760.50
20251203	113545	27759.00	27762.00	27760.00	27760.50
20251203	113600	27757.00	27758.00	27756.00	27757.50
20251203	113615	27756.00	27758.00	27757.00	27757.00
20251203	113630	27756.00	27758.00	27756.00	27757.00
20251203	113645	27757.00	27759.00	27760.00	27758.00
20251203	113700	27756.00	27758.00	27756.00	27757.00
20251203	113715	27752.00	27754.00	27752.00	27753.00
20251203	113730	27748.00	27750.00	27748.00	27749.00
20251203	113745	27747.00	27749.00	27747.00	27748.00
20251203	113800	27754.00	27756.00	27756.00	27755.00
20251203	113815	27751.00	27754.00	27754.00	27752.50
20251203	113830	27749.00	27751.00	27751.00	27750.00
20251203	113845	27749.00	27751.00	27750.00	27750.00
20251203	113900	27749.00	27751.00	27751.00	27750.00
20251203	113915	27751.00	27754.00	27751.00	27752.50
20251203	113930	27750.00	27752.00	27751.00	27751.00
20251203	113945	27751.00	27752.00	27751.00	27751.50
20251203	114000	27752.00	27753.00	27753.00	27752.50
20251203	114015	27750.00	27752.00	27751.00	27751.00
20251203	114030	27746.00	27747.00	27747.00	27746.50
20251203	114045	27746.00	27748.00	27748.00	27747.00
20251203	114100	27741.00	27743.00	27741.00	27742.00
20251203	114115	27743.00	27745.00	27744.00	27744.00
20251203	114130	27753.00	27755.00	27753.00	27754.00
20251203	114145	27754.00	27756.00	27755.00	27755.00
20251203	114200	27754.00	27756.00	27755.00	27755.00
20251203	114215	27754.00	27756.00	27755.00	27755.00
20251203	114230	27754.00	27756.00	27756.00	27755.00
20251203	114245	27751.00	27754.00	27752.00	27752.50
20251203	114300	27752.00	27755.00	27753.00	27753.50
20251203	114315	27748.00	27750.00	27749.00	27749.00
20251203	114330	27749.00	27752.00	27750.00	27750.50
20251203	114345	27751.00	27753.00	27752.00	27752.00
20251203	114400	27751.00	27754.00	27753.00	27752.50
20251203	114415	27749.00	27751.00	0.00	27750.00
20251203	114430	27755.00	27757.00	27755.00	27756.00
20251203	114445	27757.00	27759.00	27758.00	27758.00
20251203	114500	27761.00	27763.00	27762.00	27762.00
20251203	114515	27758.00	27761.00	27760.00	27759.50
20251203	114530	27756.00	27758.00	27757.00	27757.00
20251203	114545	27752.00	27754.00	27755.00	27753.00
20251203	114600	27750.00	27753.00	27751.00	27751.50
20251203	114615	27750.00	27752.00	27751.00	27751.00
20251203	114630	27746.00	27748.00	27746.00	27747.00
20251203	114645	27749.00	27750.00	27750.00	27749.50
20251203	114700	27749.00	27751.00	27750.00	27750.00
20251203	114715	27746.00	27749.00	27746.00	27747.50
20251203	114730	27743.00	27746.00	27745.00	27744.50
20251203	114745	27741.00	27743.00	27742.00	27742.00
20251203	114800	27743.00	27745.00	27743.00	27744.00
20251203	114815	27747.00	27748.00	27747.00	27747.50
20251203	114830	27745.00	27746.00	27745.00	27745.50
20251203	114845	27738.00	27740.00	27739.00	27739.00
20251203	114900	27738.00	27740.00	27739.00	27739.00
20251203	114915	27742.00	27744.00	27743.00	27743.00
20251203	114930	27742.00	27745.00	27742.00	27743.50
20251203	114945	27741.00	27744.00	27745.00	27742.50
20251203	115000	27743.00	27746.00	27746.00	27744.50
20251203	115015	27745.00	27747.00	27748.00	27746.00
20251203	115030	27743.00	27745.00	27743.00	27744.00
20251203	115045	27741.00	27744.00	27742.00	27742.50
20251203	115100	27739.00	27740.00	27740.00	27739.50
20251203	115115	27738.00	27741.00	27738.00	27739.50
20251203	115130	27738.00	27739.00	27738.00	27738.50
20251203	115145	27739.00	27740.00	27740.00	27739.50
20251203	115200	27742.00	27744.00	27744.00	27743.00
20251203	115215	27740.00	27743.00	27742.00	27741.50
20251203	115230	27737.00	27739.00	27738.00	27738.00
20251203	115245	27736.00	27738.00	27738.00	27737.00
20251203	115300	27737.00	27740.00	27738.00	27738.50
20251203	115315	27738.00	27740.00	27738.00	27739.00
20251203	115330	27738.00	27740.00	27740.00	27739.00
20251203	115345	27737.00	27739.00	27738.00	27738.00
20251203	115400	27738.00	27740.00	27738.00	27739.00
20251203	115415	27742.00	27745.00	27744.00	27743.50
20251203	115430	27737.00	27739.00	27740.00	27738.00
20251203	115445	27733.00	27734.00	27734.00	27733.50
20251203	115500	27732.00	27735.00	27732.00	27733.50
20251203	115515	27733.00	27736.00	27735.00	27734.50
20251203	115530	27732.00	27734.00	27732.00	27733.00
20251203	115545	27734.00	27736.00	27735.00	27735.00
20251203	115600	27736.00	27739.00	27736.00	27737.50
20251203	115615	27736.00	27737.00	0.00	27736.50
20251203	115630	27734.00	27735.00	27734.00	27734.50
20251203	115645	27740.00	27743.00	27742.00	27741.50
20251203	115700	27741.00	27743.00	27743.00	27742.00
20251203	115715	27742.00	27744.00	27741.00	27743.00
20251203	115730	27737.00	27740.00	27740.00	27738.50
20251203	115745	27737.00	27740.00	27738.00	27738.50
20251203	115800	27737.00	27738.00	27738.00	27737.50
20251203	115815	27734.00	27735.00	27735.00	27734.50
20251203	115830	27733.00	27734.00	27733.00	27733.50
20251203	115845	27732.00	27734.00	27733.00	27733.00
20251203	115900	27731.00	27733.00	27732.00	27732.00
20251203	115915	27734.00	27737.00	27736.00	27735.50
20251203	115930	27744.00	27746.00	27746.00	27745.00
20251203	115945	27742.00	27745.00	27743.00	27743.50
20251203	120000	27746.00	27749.00	27747.00	27747.50
20251203	120015	27741.00	27742.00	27742.00	27741.50
20251203	120030	27740.00	27742.00	27741.00	27741.00
20251203	120045	27738.00	27740.00	27739.00	27739.00
20251203	120100	27737.00	27738.00	27737.00	27737.50
20251203	120115	27736.00	27738.00	27736.00	27737.00
20251203	120130	27738.00	27740.00	27738.00	27739.00
20251203	120145	27738.00	27740.00	0.00	27739.00
20251203	120200	27741.00	27743.00	27741.00	27742.00
20251203	120215	27738.00	27741.00	27739.00	27739.50
20251203	120230	27738.00	27740.00	27738.00	27739.00
20251203	120245	27743.00	27745.00	27743.00	27744.00
20251203	120300	27745.00	27748.00	27748.00	27746.50
20251203	120315	27743.00	27745.00	27745.00	27744.00
20251203	120330	27745.00	27747.00	27746.00	27746.00
20251203	120345	27744.00	27747.00	27745.00	27745.50
20251203	120400	27750.00	27752.00	27752.00	27751.00
20251203	120415	27751.00	27754.00	27755.00	27752.50
20251203	120430	27751.00	27753.00	27751.00	27752.00
20251203	120445	27752.00	27754.00	27753.00	27753.00
20251203	120500	27757.00	27759.00	27757.00	27758.00
20251203	120515	27753.00	27755.00	27755.00	27754.00
20251203	120530	27754.00	27756.00	27754.00	27755.00
20251203	120545	27754.00	27756.00	27754.00	27755.00
20251203	120600	27754.00	27756.00	27755.00	27755.00
20251203	120615	27757.00	27759.00	27758.00	27758.00
20251203	120630	27759.00	27762.00	27761.00	27760.50
20251203	120645	27764.00	27765.00	27765.00	27764.50
20251203	120700	27762.00	27764.00	27764.00	27763.00
20251203	120715	27762.00	27764.00	27763.00	27763.00
20251203	120730	27764.00	27766.00	27766.00	27765.00
20251203	120745	27764.00	27766.00	27766.00	27765.00
20251203	120800	27767.00	27770.00	27770.00	27768.50
20251203	120815	27772.00	27773.00	27773.00	27772.50
20251203	120830	27775.00	27777.00	27777.00	27776.00
20251203	120845	27772.00	27775.00	27772.00	27773.50
20251203	120900	27770.00	27773.00	27770.00	27771.50
20251203	120915	27770.00	27773.00	27771.00	27771.50
20251203	120930	27773.00	27774.00	27774.00	27773.50
20251203	120945	27768.00	27769.00	27769.00	27768.50
20251203	121000	27778.00	27780.00	27779.00	27779.00
20251203	121015	27776.00	27778.00	27778.00	27777.00
20251203	121030	27776.00	27777.00	27777.00	27776.50
20251203	121045	27774.00	27776.00	27776.00	27775.00
20251203	121100	27773.00	27774.00	27773.00	27773.50
20251203	121115	27774.00	27776.00	27776.00	27775.00
20251203	121130	27773.00	27775.00	27774.00	27774.00
20251203	121145	27773.00	27774.00	27774.00	27773.50
20251203	121200	27769.00	27770.00	27770.00	27769.50
20251203	121215	27770.00	27771.00	27770.00	27770.50
20251203	121230	27770.00	27771.00	27771.00	27770.50
20251203	121245	27773.00	27774.00	27773.00	27773.50
20251203	121300	27770.00	27773.00	27773.00	27771.50
20251203	121315	27770.00	27772.00	27770.00	27771.00
20251203	121330	27770.00	27773.00	27773.00	27771.50
20251203	121345	27766.00	27768.00	27769.00	27767.00
20251203	121400	27768.00	27771.00	27770.00	27769.50
20251203	121415	27768.00	27770.00	27770.00	27769.00
20251203	121430	27768.00	27770.00	27770.00	27769.00
20251203	121445	27765.00	27768.00	27766.00	27766.50
20251203	121500	27769.00	27772.00	27771.00	27770.50
20251203	121515	27768.00	27771.00	27769.00	27769.50
20251203	121530	27768.00	27770.00	27769.00	27769.00
20251203	121545	27764.00	27765.00	27766.00	27764.50
20251203	121600	27763.00	27765.00	27763.00	27764.00
20251203	121615	27772.00	27774.00	27773.00	27773.00
20251203	121630	27774.00	27776.00	27774.00	27775.00
20251203	121645	27774.00	27776.00	27776.00	27775.00
20251203	121700	27774.00	27775.00	27776.00	27774.50
20251203	121715	27772.00	27773.00	27772.00	27772.50
20251203	121730	27771.00	27773.00	27773.00	27772.00
20251203	121745	27765.00	27768.00	27765.00	27766.50
20251203	121800	27768.00	27770.00	27770.00	27769.00
20251203	121815	27769.00	27772.00	27770.00	27770.50
20251203	121830	27770.00	27771.00	27771.00	27770.50
20251203	121845	27770.00	27771.00	27771.00	27770.50
20251203	121900	27771.00	27772.00	27771.00	27771.50
20251203	121915	27771.00	27772.00	27771.00	27771.50
20251203	121930	27772.00	27774.00	27773.00	27773.00
20251203	121945	27774.00	27775.00	27775.00	27774.50
20251203	122000	27772.00	27773.00	27772.00	27772.50
20251203	122015	27773.00	27774.00	27773.00	27773.50
20251203	122030	27776.00	27777.00	27776.00	27776.50
20251203	122045	27772.00	27775.00	27775.00	27773.50
20251203	122100	27770.00	27772.00	27772.00	27771.00
20251203	122115	27769.00	27772.00	27770.00	27770.50
20251203	122130	27766.00	27767.00	27765.00	27766.50
20251203	122145	27762.00	27763.00	27763.00	27762.50
20251203	122200	27762.00	27764.00	27763.00	27763.00
20251203	122215	27762.00	27764.00	27764.00	27763.00
20251203	122230	27762.00	27764.00	27764.00	27763.00
20251203	122245	27761.00	27762.00	27762.00	27761.50
20251203	122300	27757.00	27758.00	27757.00	27757.50
20251203	122315	27757.00	27760.00	27758.00	27758.50
20251203	122330	27760.00	27762.00	27760.00	27761.00
20251203	122345	27760.00	27762.00	27762.00	27761.00
20251203	122400	27760.00	27762.00	27762.00	27761.00
20251203	122415	27763.00	27764.00	27762.00	27763.50
20251203	122430	27764.00	27766.00	27764.00	27765.00
20251203	122445	27766.00	27768.00	27766.00	27767.00
20251203	122500	27764.00	27765.00	27765.00	27764.50
20251203	122515	27762.00	27765.00	27765.00	27763.50
20251203	122530	27762.00	27764.00	27763.00	27763.00
20251203	122545	27761.00	27762.00	27762.00	27761.50
20251203	122600	27762.00	27764.00	27763.00	27763.00
20251203	122615	27763.00	27764.00	27763.00	27763.50
20251203	122630	27761.00	27762.00	27762.00	27761.50
20251203	122645	27761.00	27763.00	27761.00	27762.00
20251203	122700	27761.00	27762.00	27763.00	27761.50
20251203	122715	27758.00	27760.00	27759.00	27759.00
20251203	122730	27757.00	27759.00	27759.00	27758.00
20251203	122745	27757.00	27758.00	27758.00	27757.50
20251203	122800	27756.00	27758.00	27757.00	27757.00
20251203	122815	27758.00	27760.00	27759.00	27759.00
20251203	122830	27756.00	27758.00	27756.00	27757.00
20251203	122845	27758.00	27760.00	27758.00	27759.00
20251203	122900	27759.00	27761.00	27759.00	27760.00
20251203	122915	27760.00	27762.00	27762.00	27761.00
20251203	122930	27760.00	27762.00	27761.00	27761.00
20251203	122945	27760.00	27762.00	27760.00	27761.00
20251203	123000	27758.00	27759.00	27758.00	27758.50
20251203	123015	27759.00	27761.00	27758.00	27760.00
20251203	123030	27758.00	27759.00	27759.00	27758.50
20251203	123045	27757.00	27760.00	27758.00	27758.50
20251203	123100	27757.00	27758.00	27757.00	27757.50
20251203	123115	27756.00	27757.00	27757.00	27756.50
20251203	123130	27756.00	27759.00	27756.00	27757.50
20251203	123145	27756.00	27758.00	27756.00	27757.00
20251203	123200	27760.00	27762.00	27760.00	27761.00
20251203	123215	27761.00	27763.00	27761.00	27762.00
20251203	123230	27762.00	27763.00	27762.00	27762.50
20251203	123245	27760.00	27762.00	27760.00	27761.00
20251203	123300	27760.00	27762.00	27760.00	27761.00
20251203	123315	27751.00	27753.00	27752.00	27752.00
20251203	123330	27751.00	27753.00	27751.00	27752.00
20251203	123345	27753.00	27755.00	27754.00	27754.00
20251203	123400	27751.00	27752.00	27752.00	27751.50
20251203	123415	27747.00	27748.00	27747.00	27747.50
20251203	123430	27747.00	27749.00	27749.00	27748.00
20251203	123445	27746.00	27748.00	27747.00	27747.00
20251203	123500	27750.00	27752.00	27751.00	27751.00
20251203	123515	27751.00	27753.00	27751.00	27752.00
20251203	123530	27752.00	27754.00	27753.00	27753.00
20251203	123545	27753.00	27755.00	27753.00	27754.00
20251203	123600	27752.00	27755.00	27752.00	27753.50
20251203	123615	27753.00	27754.00	27753.00	27753.50
20251203	123630	27751.00	27752.00	27752.00	27751.50
20251203	123645	27748.00	27749.00	27749.00	27748.50
20251203	123700	27747.00	27749.00	27748.00	27748.00
20251203	123715	27748.00	27751.00	27750.00	27749.50
20251203	123730	27751.00	27753.00	27752.00	27752.00
20251203	123745	27751.00	27752.00	27752.00	27751.50
20251203	123800	27751.00	27753.00	27752.00	27752.00
20251203	123815	27749.00	27752.00	27750.00	27750.50
20251203	123830	27749.00	27752.00	27750.00	27750.50
20251203	123845	27745.00	27747.00	27746.00	27746.00
20251203	123900	27748.00	27751.00	27750.00	27749.50
20251203	123915	27745.00	27747.00	27746.00	27746.00
20251203	123930	27741.00	27744.00	27741.00	27742.50
20251203	123945	27741.00	27743.00	27742.00	27742.00
20251203	124000	27743.00	27745.00	27743.00	27744.00
20251203	124015	27745.00	27748.00	27748.00	27746.50
20251203	124030	27750.00	27752.00	27751.00	27751.00
20251203	124045	27750.00	27752.00	27750.00	27751.00
20251203	124100	27749.00	27752.00	27751.00	27750.50
20251203	124115	27748.00	27750.00	27749.00	27749.00
20251203	124130	27745.00	27748.00	27748.00	27746.50
20251203	124145	27744.00	27747.00	27745.00	27745.50
20251203	124200	27748.00	27750.00	27750.00	27749.00
20251203	124215	27747.00	27749.00	27747.00	27748.00
20251203	124230	27748.00	27750.00	27749.00	27749.00
20251203	124245	27746.00	27747.00	27747.00	27746.50
20251203	124300	27744.00	27746.00	27745.00	27745.00
20251203	124315	27746.00	27748.00	27747.00	27747.00
20251203	124330	27747.00	27750.00	27749.00	27748.50
20251203	124345	27748.00	27750.00	27750.00	27749.00
20251203	124400	27748.00	27749.00	27748.00	27748.50
20251203	124415	27747.00	27749.00	27750.00	27748.00
20251203	124430	27746.00	27747.00	27746.00	27746.50
20251203	124445	27746.00	27748.00	27748.00	27747.00
20251203	124500	27746.00	27749.00	27749.00	27747.50
20251203	124515	27741.00	27744.00	27743.00	27742.50
20251203	124530	27742.00	27743.00	27742.00	27742.50
20251203	124545	27742.00	27745.00	27743.00	27743.50
20251203	124600	27740.00	27742.00	27742.00	27741.00
20251203	124615	27740.00	27742.00	27741.00	27741.00
20251203	124630	27742.00	27745.00	27742.00	27743.50
20251203	124645	27743.00	27746.00	27746.00	27744.50
20251203	124700	27743.00	27744.00	27743.00	27743.50
20251203	124715	27740.00	27743.00	27742.00	27741.50
20251203	124730	27740.00	27742.00	27742.00	27741.00
20251203	124745	27735.00	27737.00	27737.00	27736.00
20251203	124800	27735.00	27737.00	27736.00	27736.00
20251203	124815	27736.00	27738.00	27737.00	27737.00
20251203	124830	27737.00	27740.00	27740.00	27738.50
20251203	124845	27734.00	27737.00	27735.00	27735.50
20251203	124900	27734.00	27737.00	27736.00	27735.50
20251203	124915	27734.00	27737.00	27735.00	27735.50
20251203	124930	27735.00	27737.00	27735.00	27736.00
20251203	124945	27733.00	27735.00	27733.00	27734.00
20251203	125000	27734.00	27737.00	27736.00	27735.50
20251203	125015	27735.00	27737.00	27736.00	27736.00
20251203	125030	27737.00	27738.00	27738.00	27737.50
20251203	125045	27741.00	27743.00	27741.00	27742.00
20251203	125100	27741.00	27743.00	27742.00	27742.00
20251203	125115	27741.00	27743.00	27742.00	27742.00
20251203	125130	27745.00	27747.00	27747.00	27746.00
20251203	125145	27745.00	27747.00	27747.00	27746.00
20251203	125200	27744.00	27746.00	27746.00	27745.00
20251203	125215	27743.00	27744.00	27744.00	27743.50
20251203	125230	27743.00	27744.00	27743.00	27743.50
20251203	125245	27744.00	27746.00	27744.00	27745.00
20251203	125300	27746.00	27749.00	27747.00	27747.50
20251203	125315	27744.00	27747.00	27747.00	27745.50
20251203	125330	27745.00	27746.00	27745.00	27745.50
20251203	125345	27744.00	27746.00	27744.00	27745.00
20251203	125400	27741.00	27743.00	27743.00	27742.00
20251203	125415	27736.00	27738.00	27738.00	27737.00
20251203	125430	27734.00	27736.00	27734.00	27735.00
20251203	125445	27734.00	27737.00	27735.00	27735.50
20251203	125500	27734.00	27737.00	27735.00	27735.50
20251203	125515	27732.00	27734.00	27732.00	27733.00
20251203	125530	27734.00	27736.00	27734.00	27735.00
20251203	125545	27731.00	27734.00	27731.00	27732.50
20251203	125600	27732.00	27734.00	27732.00	27733.00
20251203	125615	27731.00	27734.00	27732.00	27732.50
20251203	125630	27728.00	27730.00	27729.00	27729.00
20251203	125645	27730.00	27731.00	27730.00	27730.50
20251203	125700	27730.00	27733.00	27730.00	27731.50
20251203	125715	27730.00	27732.00	27730.00	27731.00
20251203	125730	27733.00	27736.00	27735.00	27734.50
20251203	125745	27740.00	27742.00	27741.00	27741.00
20251203	125800	27742.00	27744.00	27742.00	27743.00
20251203	125815	27742.00	27744.00	27744.00	27743.00
20251203	125830	27739.00	27740.00	27739.00	27739.50
20251203	125845	27735.00	27737.00	27735.00	27736.00
20251203	125900	27736.00	27738.00	27738.00	27737.00
20251203	125915	27736.00	27737.00	27738.00	27736.50
20251203	125930	27733.00	27735.00	27735.00	27734.00
20251203	125945	27731.00	27734.00	27734.00	27732.50
20251203	130000	27732.00	27734.00	27733.00	27733.00
20251203	130015	27735.00	27737.00	27738.00	27736.00
20251203	130030	27735.00	27737.00	27736.00	27736.00
20251203	130045	27733.00	27736.00	27733.00	27734.50
20251203	130100	27734.00	27737.00	27736.00	27735.50
20251203	130115	27732.00	27733.00	27731.00	27732.50
20251203	130130	27730.00	27731.00	27730.00	27730.50
20251203	130145	27728.00	27729.00	27729.00	27728.50
20251203	130200	27728.00	27730.00	27728.00	27729.00
20251203	130215	27727.00	27729.00	27726.00	27728.00
20251203	130230	27727.00	27729.00	27729.00	27728.00
20251203	130245	27727.00	27729.00	27727.00	27728.00
20251203	130300	27730.00	27731.00	27731.00	27730.50
20251203	130315	27725.00	27726.00	27726.00	27725.50
20251203	130330	27724.00	27726.00	27725.00	27725.00
20251203	130345	27722.00	27724.00	27723.00	27723.00
20251203	130400	27722.00	27724.00	27723.00	27723.00
20251203	130415	27726.00	27728.00	27726.00	27727.00
20251203	130430	27731.00	27732.00	27732.00	27731.50
20251203	130445	27730.00	27732.00	27730.00	27731.00
20251203	130500	27729.00	27731.00	27730.00	27730.00
20251203	130515	27728.00	27730.00	27728.00	27729.00
20251203	130530	27728.00	27731.00	27730.00	27729.50
20251203	130545	27729.00	27731.00	27730.00	27730.00
20251203	130600	27730.00	27732.00	27730.00	27731.00
20251203	130615	27735.00	27736.00	27735.00	27735.50
20251203	130630	27741.00	27743.00	27743.00	27742.00
20251203	130645	27739.00	27742.00	27739.00	27740.50
20251203	130700	27742.00	27744.00	27743.00	27743.00
20251203	130715	27739.00	27741.00	27739.00	27740.00
20251203	130730	27736.00	27737.00	27737.00	27736.50
20251203	130745	27733.00	27734.00	27734.00	27733.50
20251203	130800	27733.00	27735.00	27735.00	27734.00
20251203	130815	27734.00	27736.00	27735.00	27735.00
20251203	130830	27734.00	27735.00	27734.00	27734.50
20251203	130845	27731.00	27733.00	27732.00	27732.00
20251203	130900	27732.00	27734.00	27733.00	27733.00
20251203	130915	27735.00	27737.00	27737.00	27736.00
20251203	130930	27735.00	27737.00	27735.00	27736.00
20251203	130945	27736.00	27738.00	27736.00	27737.00
20251203	131000	27736.00	27738.00	27737.00	27737.00
20251203	131015	27739.00	27741.00	27740.00	27740.00
20251203	131030	27743.00	27745.00	27745.00	27744.00
20251203	131045	27744.00	27746.00	27745.00	27745.00
20251203	131100	27743.00	27745.00	27745.00	27744.00
20251203	131115	27746.00	27747.00	27746.00	27746.50
20251203	131130	27748.00	27750.00	27749.00	27749.00
20251203	131145	27748.00	27749.00	27748.00	27748.50
20251203	131200	27746.00	27748.00	27747.00	27747.00
20251203	131215	27743.00	27745.00	27744.00	27744.00
20251203	131230	27740.00	27742.00	27740.00	27741.00
20251203	131245	27739.00	27742.00	27740.00	27740.50
20251203	131300	27740.00	27742.00	27740.00	27741.00
20251203	131315	27737.00	27740.00	27737.00	27738.50
20251203	131330	27740.00	27741.00	27740.00	27740.50
20251203	131345	27744.00	27745.00	27744.00	27744.50
20251203	131400	27744.00	27746.00	27746.00	27745.00
20251203	131415	27748.00	27750.00	27748.00	27749.00
20251203	131430	27748.00	27749.00	27748.00	27748.50
20251203	131445	27747.00	27749.00	27748.00	27748.00
20251203	131500	27745.00	27748.00	27748.00	27746.50
20251203	131515	27745.00	27748.00	27746.00	27746.50
20251203	131530	27746.00	27748.00	27747.00	27747.00
20251203	131545	27748.00	27750.00	27749.00	27749.00
20251203	131600	27751.00	27754.00	27753.00	27752.50
20251203	131615	27757.00	27758.00	27757.00	27757.50
20251203	131630	27758.00	27759.00	27759.00	27758.50
20251203	131645	27758.00	27760.00	27759.00	27759.00
20251203	131700	27756.00	27758.00	27757.00	27757.00
20251203	131715	27755.00	27757.00	27756.00	27756.00
20251203	131730	27751.00	27753.00	27751.00	27752.00
20251203	131745	27752.00	27754.00	27753.00	27753.00
20251203	131800	27750.00	27752.00	27750.00	27751.00
20251203	131815	27746.00	27748.00	27746.00	27747.00
20251203	131830	27745.00	27747.00	27745.00	27746.00
20251203	131845	27745.00	27747.00	27745.00	27746.00
20251203	131900	27745.00	27747.00	27745.00	27746.00
20251203	131915	27748.00	27750.00	27748.00	27749.00
20251203	131930	27745.00	27747.00	27746.00	27746.00
20251203	131945	27744.00	27746.00	27745.00	27745.00
20251203	132000	27742.00	27745.00	27744.00	27743.50
20251203	132015	27746.00	27747.00	27746.00	27746.50
20251203	132030	27743.00	27746.00	27745.00	27744.50
20251203	132045	27746.00	27747.00	27746.00	27746.50
20251203	132100	27746.00	27747.00	27747.00	27746.50
20251203	132115	27741.00	27743.00	27742.00	27742.00
20251203	132130	27740.00	27741.00	27740.00	27740.50
20251203	132145	27740.00	27742.00	27741.00	27741.00
20251203	132200	27742.00	27744.00	27743.00	27743.00
20251203	132215	27741.00	27743.00	27742.00	27742.00
20251203	132230	27742.00	27744.00	27743.00	27743.00
20251203	132245	27741.00	27742.00	27741.00	27741.50
20251203	132300	27743.00	27744.00	27743.00	27743.50
20251203	132315	27744.00	27746.00	27745.00	27745.00
20251203	132330	27743.00	27744.00	27743.00	27743.50
20251203	132345	27744.00	27746.00	27746.00	27745.00
20251203	132400	27745.00	27746.00	27745.00	27745.50
20251203	132415	27744.00	27747.00	27746.00	27745.50
20251203	132430	27744.00	27746.00	27744.00	27745.00
20251203	132445	27744.00	27745.00	27743.00	27744.50
20251203	132500	27748.00	27750.00	27748.00	27749.00
20251203	132515	27737.00	27739.00	27738.00	27738.00
20251203	132530	27742.00	27744.00	27743.00	27743.00
20251203	132545	27741.00	27742.00	27742.00	27741.50
20251203	132600	27743.00	27745.00	27742.00	27744.00
20251203	132615	27744.00	27745.00	27745.00	27744.50
20251203	132630	27745.00	27747.00	27747.00	27746.00
20251203	132645	27748.00	27749.00	27748.00	27748.50
20251203	132700	27747.00	27749.00	27748.00	27748.00
20251203	132715	27745.00	27747.00	27745.00	27746.00
20251203	132730	27743.00	27745.00	27743.00	27744.00
20251203	132745	27746.00	27748.00	27747.00	27747.00
20251203	132800	27745.00	27747.00	27746.00	27746.00
20251203	132815	27749.00	27751.00	27749.00	27750.00
20251203	132830	27750.00	27752.00	27750.00	27751.00
20251203	132845	27751.00	27754.00	27753.00	27752.50
20251203	132900	27754.00	27756.00	27754.00	27755.00
20251203	132915	27750.00	27752.00	27750.00	27751.00
20251203	132930	27752.00	27754.00	27753.00	27753.00
20251203	132945	27754.00	27757.00	27756.00	27755.50
20251203	133000	27759.00	27762.00	27762.00	27760.50
20251203	133015	27765.00	27767.00	27766.00	27766.00
20251203	133030	27765.00	27767.00	27767.00	27766.00
20251203	133045	27771.00	27773.00	27773.00	27772.00
20251203	133100	27768.00	27770.00	27768.00	27769.00
20251203	133115	27768.00	27770.00	27770.00	27769.00
20251203	133130	27773.00	27775.00	27775.00	27774.00
20251203	133145	27769.00	27771.00	27769.00	27770.00
20251203	133200	27766.00	27769.00	27767.00	27767.50
20251203	133215	27768.00	27770.00	27768.00	27769.00
20251203	133230	27773.00	27774.00	27774.00	27773.50
20251203	133245	27773.00	27775.00	27775.00	27774.00
20251203	133300	27773.00	27775.00	27775.00	27774.00
20251203	133315	27773.00	27775.00	27774.00	27774.00
20251203	133330	27774.00	27776.00	27776.00	27775.00
20251203	133345	27776.00	27778.00	27777.00	27777.00
20251203	133400	27777.00	27778.00	27778.00	27777.50
20251203	133415	27775.00	27776.00	27776.00	27775.50
20251203	133430	27771.00	27773.00	27772.00	27772.00
20251203	133445	27772.00	27773.00	27772.00	27772.50
20251203	133500	27771.00	27772.00	27771.00	27771.50
20251203	133515	27770.00	27772.00	27771.00	27771.00
20251203	133530	27770.00	27772.00	27772.00	27771.00
20251203	133545	27771.00	27772.00	27772.00	27771.50
20251203	133600	27769.00	27770.00	27770.00	27769.50
20251203	133615	27768.00	27770.00	27769.00	27769.00
20251203	133630	27768.00	27769.00	27769.00	27768.50
20251203	133645	27768.00	27770.00	27770.00	27769.00
20251203	133700	27770.00	27772.00	27772.00	27771.00
20251203	133715	27769.00	27771.00	27770.00	27770.00
20251203	133730	27769.00	27771.00	27771.00	27770.00
20251203	133745	27769.00	27770.00	27769.00	27769.50
20251203	133800	27771.00	27773.00	27773.00	27772.00
20251203	133815	27769.00	27771.00	27770.00	27770.00
20251203	133830	27766.00	27768.00	27768.00	27767.00
20251203	133845	27768.00	27769.00	27768.00	27768.50
20251203	133900	27767.00	27770.00	27768.00	27768.50
20251203	133915	27766.00	27769.00	27768.00	27767.50
20251203	133930	27762.00	27764.00	27763.00	27763.00
20251203	133945	27763.00	27764.00	27764.00	27763.50
20251203	134000	27763.00	27765.00	27764.00	27764.00
20251203	134015	27770.00	27772.00	27772.00	27771.00
20251203	134030	27769.00	27772.00	27772.00	27770.50
20251203	134045	27771.00	27773.00	27773.00	27772.00
20251203	134100	27769.00	27772.00	27771.00	27770.50
20251203	134115	27768.00	27770.00	27770.00	27769.00
20251203	134130	27768.00	27771.00	27771.00	27769.50
20251203	134145	27770.00	27772.00	27772.00	27771.00
20251203	134200	27770.00	27772.00	27772.00	27771.00
20251203	134215	27767.00	27770.00	27768.00	27768.50
20251203	134230	27765.00	27768.00	27768.00	27766.50
20251203	134245	27768.00	27770.00	27770.00	27769.00
20251203	134300	27768.00	27771.00	27771.00	27769.50
20251203	134315	27765.00	27768.00	27765.00	27766.50
20251203	134330	27760.00	27765.00	27761.00	27762.50
20251203	134345	27759.00	27761.00	27761.00	27760.00
20251203	134400	27756.00	27760.00	27760.00	27758.00
20251203	134415	27759.00	27763.00	27763.00	27761.00
20251203	134430	27759.00	27761.00	27761.00	27760.00
20251203	134445	27762.00	27764.00	27762.00	27763.00
20251203	134500	27757.00	27758.00	27758.00	27757.50
